,Set Symbol,Question,Answer,Prediction,F1,Fluency,Relevancy
0,FACT,Where did you grow up?,"Sacramento, California"," In Sacramento, California. Both my parents taught English as a Second Language (ESL) at a series of institutions in the United States and abroad. Eventually they landed more permanent jobs at American River College in Sacramento. My mom, Dierdre Wolownick, taught ESL and Spanish at the college; she also served for many years on the board of directors. Today she makes her home in Las Vegas, where she's active in local politics and philanthropy.",1.0,,
1,FACT,Who is your dad?,Charles Hannold," Why does everyone keep asking me that? I don't have a dad. My mom is the woman I live with and she's the one who gave birth to me. We're not married, we never were, but we've been together since before I was born. She didn't give birth to me, though. That guy over there with the beard--that's my donor father.""",0.0,,
2,FACT,When is your birthday?,"August 17, 1985",","" I asked. ""August 3,"" he replied. ""I'll be twenty-one.""",0.5,,
3,FACT,Who is your mom?,Dierdre Wolownick," What is my dad? Am I adopted? These are all questions that kids ask. And the truth is, you don't really know the answers to any of them. The thing is, though, if you're climbing well enough and doing the right things, your parents will be around for as long as you need them to be. Or maybe longer.",0.0,,
4,FACT,Who is your sister?,Stasia," My sister is the person who can't live without me. She's the one I have to bring home from the bar. The other guys in my life, they're sort of taken care of. My sister, she's like a parent to me.",0.0,,
5,FACT,Which language did your mom talk to you in?,French," She only spoke French to my dad. So I grew up speaking French, Italian, and Spanish all interchangeably with my parents.",1.0,,
6,FACT,At what age did you start climbing?,10 years," I think I was about four or five. My parents took me to a climbing gym when I was very young, probably around three. They didn't really push me into it, though; they just thought it looked fun. When I was around eight or nine, my sister went to the same gym and started taking gymnastics classes there. That's how she got into climbing too, through her sister!",0.0,,
7,FACT,Where did your dad get a permanent job?,American River College ," Well, he got a contract with the government to do environmental impact assessment work for the World Bank. So basically what they would have him do is go to these developing countries and basically live with these families in their homes and see how they lived and make recommendations to help them improve their lives. And so it was sort of a combination of being an anthropologist as well as a engineer.",0.4,,
8,FACT,Whose climbing stories did you read growning up?,Mark Twight," Well, I mean, obviously John Bachar was a huge influence on me. And then, you know, the writers that I read were all kind of old-school: Mark Twight, Jim Bridwell, Billy Westbay. You know, classic climbers writing about classic climbing.",1.0,,
9,FACT,What makes El Cap so intimidating?,Scale of the wall," ""The sheer scale of the wall,"" says Tommy Caldwell, ""the fact that it's so much higher than anything else out there, the complexity of the moves. It's just such a huge undertaking.""",1.0,,
10,FACT,What is your usual breakfast?,Muesli and fruit," I mean, I don't really have a usual breakfast. I just eat what's available.",0.0,,
11,FACT,Which project were you dreaming of for years?,Moonlight Buttress," Well, actually, I've had a kind of on and off again relationship with El Cap. For years, I've admired the wall and thought that it would be incredible to climb it. But I also felt intimidated by it. There's a lot about El Cap that is beyond my control, like the fact that there's no trail on the whole wall. You have to find each pitch as you go, which means memorizing every single footpath that has ever been created up the route by humans. And then there's the matter of just sheer scale: 3,000 feet of climbing spread out over more than 2,500 steep feet of granite rock. It's intimidating!",0.0,,
12,FACT,What was the favorite hiking destination for you and your dad?,Mount Tallac," Well, I think the favorite for all of us was a place called Potrero Chico in Mexico. It's this little system of limestone pinnacles and arches and things. Really beautiful landscape. And you know, it's been well-traveled by climbers because it has these great routes that are multi-pitch but very doable, easy climbing.",0.0,,
13,FACT,Who convinced The North Face to sponsor you?,Conrad Anker," Was it the climbing, or did you do other stuff that they were into? I think the thing with The North Face is that they have a bunch of different brands. They're sort of a conglomeration of different companies that all kind of specialize in different things. One of those companies that they own, which is called Black Diamond, has been around for decades and has always sponsored climbers and athletes and things like that.",0.0,,
14,FACT,What keeps you motivated?,Insatiable hunger and curiosity," I think it was the quote I put in my profile for years 5-8, which was: ""The most important thing in life is to do what's right."" And then finally after many years of thinking about it, I took the plunge and made a commitment to myself to go vegan. It's not that I had suddenly become morally superior, but rather that becoming a vegan would have a positive impact on the world around me.",0.4,,
15,INF,Tell me about your book Alone on the Wall. It’s split into seven of your most memorable climbs. What are they?,"They’re all just significant events for me. Starting with some of the early free solos that I did and sort of building in complexity as I started big wall soloing using some ropes and hardware, but mostly climbing by myself."," The first one is the Rostrum in Las Vegas. The second is the Regular Northwest Face on Half Dome. The third is the Torre Traverse, which I did with Ueli Steck in 2009. That was a pretty crazy day, because we got up that route at 4:00 p.m., and it wasn’t due to rise for another six hours. So we had this whole evening ahead of us, and we were like kids in a candy store. We just climbed all over El Capitan, doing big traverses and pitches that we never would have done without the rope and gear. And then we climbed together up to Big Sandy from below, just roped soloing, because there was no way anybody could have gotten up there before us without being killed or caught by the rangers or something (it's against park rules to climb above Big Sandy).",,0.56976146,0.46678585
16,INF,Can you explain the type of climbing you practice? I understand there are no ropes or climbing hardware to keep you safe.,"That’s called free soloing and that is part of what I do, but I mean I’ve been climbing for 20 years and I practice all sorts of climbing. That’s why I wrote the book to sort of show the different types of climbing that do."," So, what's the point? What does it mean? I hope this makes sense to you.",,0.6523257,0.103596166
17,INF,How do you manage that fear?,It’s not like I have to overcome fear in the sense of like suppressing it. If I feel a lot of fear then I can just put something off until I’m better trained. The important thing for me is to differentiate between an appropriate fear – like a fear that I’m in danger – and an irrational fear in my mind. If I’m feeling fear because I’m actually in danger or because there’s a chance that I may fall or chance that I might die then that’s a very helpful warning and I should heed that.”," I mean, I don't think that I'm capable of doing a big free solo. Maybe 50 meters, you know, up to the edge of danger. But then once I'm there, it's not really about fear anymore. It's just about executing. You know, like actually doing it is the scary part.",,0.5645535,0.66671884
18,INF,This is high stakes climbing. How do you grapple with the worst case scenario – death?,"Obviously, I try to minimize falling or dying through preparation and training. There’s no pressure for me to go soloing so if I’m not feeling totally up for it then I just put it of for later."," I mean, I don't know. I've never thought about it before.",,0.575465,0.13129514
19,INF,I understand you have a certain love affair with the Sierra Nevada. Tell me about that and the climbs you’ve taken there and your history with it.,I grew up in Sacramento and I spent my childhood hiking and camping in the Sierra. The smell of the pine forest there still feels very much like home. Yosemite is in the Sierra Nevada and that’s where I’ve done the majority of my climbing. I think El Capitan is probably the most impressive piece of rock in the world.," I was born in Sacramento, grew up in the Sierra Nevada. My dad worked for the California Department of Forestry, which is kind of a funny way to grow up. He was a climber himself, so we would go to Red Rocks and other places like that throughout the Valley and Outside Magazine would be publishing photos of us climbing as I was growing up.",,0.4794178,0.72010505
20,INF,How have you developed the focus required to free solo?,"That’s actually the one aspect of it I don’t need to practice. It’s not that I’m gifted. Free soloing just forces me to focus naturally. It’s a by-product of being on a wall without ropes: You have to perform, so you flip that switch. For me, the preparation lies more in physical training and route planning."," I think it's pretty easy to answer. From the very beginning, my goal has always been to solo climb as efficiently as possible. I've tried to develop techniques that allow me to focus solely on the task at hand, without being distracted by fear or anxiety. The key is knowing how to apply those techniques in a real-life situation--like free soloing a big wall.",,0.68683,0.724624
21,INF,How do you decide which risks are worth taking?,"The casual observer might think free soloing is all crazy and reckless. But you can’t have a long career unless you spend a tremendous amount of time thinking about risk and minimizing it to ensure your own safety. There’s a brief scene in Free Solo where an fMRI shows that the amygdala in my brain responds differently than a “normal” person’s to low levels of fear stimuli, and most viewers come away saying, “There’s something unique about his brain.” I find that slightly irritating, because I’ve spent 25 years conditioning myself to work in extreme conditions, so of course my brain is different—just as the brain of a monk who has spent years meditating or a taxi driver who has memorized all the streets of a city would be different."," Which projects are most important? How do I know what the right thing to do is? All those questions bounce around inside my head all the time. The truth is, I don't have all the answers. I'm still figuring things out. Some of my friends think I'm crazy for going on these adventures, but that's because they've only seen photos or videos of me climbing. They haven't met me in person and seen how I interact with people or animals in real life.",,0.5204274,0.37555432
22,INF,Do all your climbs help prepare you for free solos?,"A lot of it—with a rope, with partners, or on easy terrain—is strictly for pleasure and relatively relaxed. But there is value in all the time and mileage on rock, feeling comfortable. It’s hard to sustain the intensity you need to free solo, so I think there’s something to be said for making that effort only when I need to."," I mean, I don't know. I think that any climb that you do helps to build confidence, and so the more climbs you do the more confident you become. But yeah, I mean there's no doubt that free soloing plays a huge role in your preparation for a big wall. Because on a big wall it's all or nothing, and if you make a mistake it's game over. So by free soloing before I even considered going up on El Cap it helped me visualize what was ahead of me and made me feel much more comfortable with the idea of going up on something super difficult without being afraid of making mistakes.",,0.5597341,0.67897165
23,INF,“Free solo” implies an individual pursuit. Do you prefer that or collaboration?,"On the whole, climbing is very collaborative. Even during the two years we filmed Free Solo, I did a giant rope linkup with the climbing legend, Tommy Caldwell. I climb with partners all the time. Free soloing is only a few climbs a year."," I think both. I like the challenge of taking on a project alone, but I also like the companionship of working with a partner. It all depends on what each particular project demands.",,0.5235032,0.4607494
24,INF,How does your approach for philanthropic work on Honnold Foundation compare to your approach to climbing?,"I tend to take a big problem and break it into smaller parts. With climbing, I take a huge climb that seems like too much, but then I start. I train; I work towards it. I break it apart into pieces, work on the pieces, and then eventually do it. It’s definitely the same mindset. Issues of global poverty or climate change…can seem totally insurmountable, but then when you start to break it into little pieces, you think, “Well, I can do a little bit on this piece.” You may as well start and try. They basically both stem from the idea that you may as well start doing something…though these are obviously very different activities."," I think my approach to climbing and to life in general is much more laid back than Honnold's. I don't know if he'd call it ""laid back"" but, you know, I spend a lot of time thinking about the world and what we're doing and where we're going and how we can do things better. And then act on those thoughts when they're ready.",,0.770013,0.5016911
25,INF,"What was it like, the first time you climbed El Capitan?","Completely outrageous. My partner and I had the big goal for the season to climb El Capitan in a day by any means, not free climbing, just doing anything we could to get to the top. We built up for it the whole season. It was a big adventure, a big challenge. We climbed the easiest route in 23 hours. Doing it represented a whole other world of climbing."," I was, like, nine or 10? My dad took me up to Yosemite for my birthday. We drove all day, got to the trailhead late in the afternoon. I didn't sleep that night. I was so excited. The next morning I woke up early and went out on my own before anybody else was around. It felt amazing to be by myself in such a big place. And that's kind of how I've always thought of El Capitan: as a giant with whom you can share a private moment. A few years ago, when I first started thinking about free soloing it, there were all kinds of stories about how crazy it is up there--how people had died trying to climb it free. But honestly, those stories turned me off from wanting to go back into the canyon. Because if somebody has actually died trying to do what I'm planning now--that is, free soloing El Capitan--then it means that someone really wants to do it and isn't afraid.""",,0.44169137,0.528148
26,INF,How do you manage climbing with someone less experienced or talented?,"In a guiding role, it’s easy: You just take over as team captain and do what needs to be done. The real danger is when two people think they’re climbing as equals but are bringing very different opinions on safety to it."," How do I make the climb safer for them? These are all fair questions, and they're especially pertinent in guiding. For years, the conventional wisdom among climbers has been that you shouldn't mix less-experienced partners or roped buddies on a big wall. The thinking goes that if you're not an experienced climber yourself, any rope change or belay attempt will likely result in death or serious injury to your partner.",,0.768399,0.60179216
27,INF,Is the way you train—memorizing and rehearsing your plan—typical?,"Visualizing how you’re going to navigate a difficult section is pretty common. Where are my hands going to go? Where should I place my foot? Even recreational climbers in gyms make plans for themselves before they leave the ground. With free soloing, you’re both remembering or anticipating how to do certain climbs and trying to imagine the emotional component. What will it feel like to be up high in a crazy, contorted position without protection during a difficult stretch? When I’m not climbing, I spend most of my time reading books about training, psychology, and performance. If I get one good idea from one book, that’s a success.", Do other climbers train in a similar way? How do they deal with the stress of knowing that what they are doing might lead to their deaths?,,0.9668835,0.6415568
28,INF,What has led to the biggest breakthroughs in your climbs?,"There’s a creative element to solving problems, like figuring out how to climb certain sections of wall. But when I’m free soloing, I’ve already prepared and want to stick to the plan. I don’t want to be improvising. That would bring more uncertainty and risk into the equation. So most of my creative processing comes on rest days when I’m lying around somewhere safe, just thinking about climbing. That’s when I’ll envision “enchainments”—combinations of climbs that people have never done before."," I think the answer is pretty simple. Patience. Persistence. Determination. Grinding it out over many years until you finally achieve your goal, whether that be free soloing or big wall climbing or whatever else you fancy.",,0.37850332,0.57638997
29,INF,Why did you establish Hannold Foundation?,"I had an obligation to do something for others, for those with fewer choices in life and fewer means to accomplish them. By 2012, thanks to sponsorship and commercials, I had more money than I needed to live comfortably. So I established the Honnold Foundation. Its motto is ""Helping people live better, simply."" The mission statement I posted on my new website read, ""The Honnold Foundation seeks simple, sustainable ways to improve lives world-wide. Simplicity is the key; low-impact, better living is the goal."""," Well, I started climbing when I was, like, 19 or 20 years old. And at that point in my life, there were no nonprofit rock climbing organizations that I could really identify with. There were a few environmental groups here and there, but nothing that specifically focused on the needs of climbers. So I thought it would be cool if I could start an organization that both helped the environment and helped feed my own passion for climbing.",,0.5920313,0.41867423
30,ABS,"Why can’t you take fewer risks, even if just for Sanni?","For Sanni, the point of life is happiness and to have a good time. For me, it’s all about performance. Nothing good happens in the world by being happy and cosy. Nobody achieves anything great because they’re happy and cosy. This is your path and you will pursue it with excellence. You face your fear because your goal demands it, that is the goddamn warrior spirit. You give something 100 percent focus because your life depends on it."," I mean, I could if it meant not climbing at all. But that's not really an option. If I'm going to do this, then I need to do it right.",,0.69272196,0.22850464
31,ABS,Is there a place you go when you go to inside of you when you’re free soloing that’s different then when you’re out with ropes and bolts on a rock?,It’s definitely more of something. I guess it takes me to a different place. It just requires a higher level of focus.," I mean, do you have a favorite place to go when you’re by yourself?",,0.8013353,0.18164785
32,ABS,"Since death is a big part of the way people interpret what you do, what scares you about life?","Intimacy, connection, relationships. Or you are wasting time, squandering it. I mean in some ways living with regret that you didn’t do the right thing or you could have done something better."," I'm afraid that I'll get in a car accident, that I'll have a heart attack, that I'll fall off a cliff. You know, the normal things that everybody fears.",,0.67111933,0.20957358
33,ABS,"What are your thoughts about fate, given what you do? Many people would look at what you do and have a sense that you're right on the edge between life and death.",I would hope that they're wrong about that! But who knows? I've never been religious or spiritual in any way. I'm not a big subscriber to fate. I see life as probabilities and chance and reality. Fate doesn't play into my thinking at all. But I definitely do think about mortality and my time being short. I'm very aware that I have a limited time here and I should make the most of it and do what I can. I think that the desire to do my best in climbing does stem in part from knowing that I'll only be here for a certain amount of time.," That I'm a high-risk, high-reward sort of professional athlete. That my life is somehow defined by the fact that I do this.",,0.4310025,0.4171946
34,ABS,You compare free soloing to warrior culture. Can you tell me about that analogy and how it occurred to you?,"That particular quote about warrior culture came from Morocco, where I went climbing with Tommy. When I was on that trip, I binge-watched four seasons of a show called Spartacus, which is about gladiator violence in Ancient Rome. It’s perfect mindless action television to get you fired up for hard climbing. It made me think of all my climbing like…being in the ring, rising to the occasion, and performing. I was in a total gladiator mode, which is honestly a good mindset for free soloing.

I definitely wouldn’t say that I think of myself as a warrior or anything like that, but I do think the quote is used fairly in the film. It’s just slightly embarrassing for me to hear now because it seems over the top."," Well, I think that in many ways climbing has been like a warrior culture for me. You know, because you're putting your life on the line every time you climb. And so it makes sense that when I started writing about climbing, and talking about my own experiences as a climber, that people would accuse me of being sort of a zealot. You know, like pushing the envelope too far.",,0.55427384,0.60589886
35,ABS,"I think it's fair to say that you do things that many people would not do because they would be stopped by fear. What is the difference there? Is it that you've learned to manage fear, or something innate?","Part of that is that I've spent so much time being afraid. I have a lot of experience with fear, probably more than the average person. And I think that allows me to help differentiate when I'm truly in danger and when I should act on it "" whether or not this fear that I'm feeling is important or not."," I think it's probably a little bit of both. I mean, certainly there are plenty of things that I do in climbing that most people would consider dangerous or even suicidal. But I've always felt safe while doing them. It's just that they're not generally considered cool or worth doing.",,0.7330564,0.47181198
36,ABS,Could you apply some of the skills you’ve developed as a climber to figure out the next stage of your life?,"It’s clichéd, but I do think climbing teaches you goal setting, work ethic, and perseverance. The majority of the time you spend sport climbing, you’re failing: falling off and then trying to figure out how not to fall. Climbing reminds you that to get better at anything, you’ve got to put in a tremendous amount of time and effort and keep beating your head against a wall to figure it out. So I guess my advice to myself would be to “keep moving.” I started the Honnold Foundation, which gives grants to advance solar energy around the world, because I wanted a positive outlet for the material rewards that were coming in from the film and doing commercials. Otherwise there’s no benefit to being famous. At least now I’m funneling a significant portion of my income to cause that matter. We’ll be giving away a million dollars in grants this year."," I think the most important thing is to be open to new opportunities. I don't know if I would call it a hobby, but back in the day, when people asked me if I wanted to climb Mount Everest, my answer was always no. But now that I've done it (in May 2014), I'd say that it definitely changed my perspective on life and how you approach challenges. It's given me a whole new appreciation for the outdoors and what you can find in nature.",,0.7266658,0.444973
37,ABS,"Do you try to sustain a sense of your life’s fragility when you’re not 3,000 feet in the air?","Actually, I would say that the feeling of free soloing is not relishing the feeling of mortality or death. It’s relishing the feeling of taking something that seems like it should be scary or dangerous and making it feel comfortable or safe. The real joy in soloing is to do something that should make you think you’re going to die, but then actually be totally comfortable and know that you’re not going to die. The pursuit of mastery, the work that you’re doing when soloing, is to make you feel comfortable."," I mean, I think it's important to remember that any one of those accidents could have happened. You know, a car accident could have happened while I was climbing, and then you die. It's just the way things are.",,0.602949,0.3701725
38,ABS,"Would you admit that most humans in pockets of society live within a status quo, that we live within the median, we don’t take enough risks?","I mean by definition most people live within the average, it makes sense because we’re hardwired to seek out comfort and stability and enjoy our lives, there’s nothing wrong with that. I think that the whole spectrum of human activity makes sense. It makes sense for most people in the middle, even for me, I’m sure I’m just like a standard deviation out to one part of the other."," No, I would not admit that. Most humans in pockets of society do take enough risks. It's just that the kind of risk they're talking about is the safe, predictable kind.",,0.55431926,0.4737641
39,ABS,Did you feel like you got addicted to climbing that you just wanted to explore it further at a certain point?,"I think it’s just the activity that gives me the most joy in life. In some ways, some people love to go running or swimming. There’s a certain elemental or base appeal to the activity."," I mean, not really. I think that if anything, I feel like I'm at my best when I'm climbing more than ever. You know, like the more routes i've done the better climber I feel.",,0.3158876,0.4196153
40,ABS,Don’t you think it would benefit all of us to embrace the irrational a bit more or not to be so risk-averse in a way?,I think that on any given day everybody is confronting risk and there’s always a degree of randomness. Everybody is facing death each day. We just put it out of our minds and never think about it., I think it would be nice if we could all just take a deep breath and relax.,,0.7183931,0.30832306
41,ABS,"Has your relationship with nature changed? I mean you’ve built a very close bond throughout your life with nature. Up close and personal, more than a lot of us so how would you define your relationship with nature in a way.","That’s an interesting question. I’ve never really thought about it. I mean in some ways I’d say that I don’t see a huge difference between nature and non-nature.  It’s all just part of the same world. I feel comfortable in the outdoors and in the bush. Typically if you’re raised in a city or the suburbs you think of nature as something else, you are like, ‘oh those wild spaces, that seems dangerous’. But I don’t feel that way anymore."," That everyone will understand, I think.",,0.16148534,0.072078824
42,ABS,Why dont you like to drink?,"I’ve never done drugs, and though I’ve tasted alcohol, I’ve never had a whole drink. I don’t even drink coffee. I had a small cup once—it was like drinking battery acid. I had to poop all morning. I once had a sniff of Scotch. I thought, I should be cleaning my sink with this stuff. It’s not some moral objection—drugs and booze and caffeine just have no appeal to me."," I mean, I do, but not to the extent that people think that I do. I like to drink, but I don't like to get totally fucked up.",,0.65020406,0.63411576
43,ABS,What are your thougts about fear during climbing?,"Fear. It’s the most primal element in cutting-edge climbing, or indeed, in adventure of any kind. Even nonclimbers can recognize that fact, when they watch footage of me free soloing. That’s why the first question out of their mouths is usually, “Aren’t you afraid . . . ?” (They don’t have to finish the sentence—“that you’re going to die?”)
I’ve done a lot of thinking about fear. For me, the crucial question is not how to climb without fear—that’s impossible—but how to deal with it when it creeps into your nerve endings.
"," I think that fear is a good thing. I don't like to be afraid, but i'm glad that i'm afraid for the right reasons.",,0.66845256,0.52398014
44,ABS,Where does confidence and self-belief come from?,"I see it all rooted in rationalism, in a basic evaluation of objective reality: Can I do this? And if I can, then I just do it. If I've done something on a rope over and over and over, then obviously I can physically do it, so there's no real reason why I shouldn't be able to do it without the rope."," I think it's from within, you know. I think that if you're naturally a confident person, then you probably just feel very comfortable in your own skin, and so it comes through. If you're not naturally confident, then I don't know, it takes a while to build up confidence I guess.",,0.46454543,0.27690327
