,Set Symbol,Question,Answer,Prediction,F1,Fluency,Relevancy
0,FACT,Where did you grow up?,"Sacramento, California"," In Sacramento, California. My dad was a police officer, so I grew up in a very tight-knit community of law enforcement. There were always cops around--not that that's necessarily a bad thing!",1.0,,
1,FACT,Who is your dad?,Charles Hannold," Why does everyone keep asking me that? I don't have a dad. My mom is the woman I live with and she's the one who gave birth to me. We're not married, we never were, but we've been together since before I was born. She didn't have any kids of her own so she adopted mine and now they're both my parents. It sounds weird because I'm like thirty-five, but it's totally legit.""",0.0,,
2,FACT,When is your birthday?,"August 17, 1985"," April 9, 1992.",0.0,,
3,FACT,Who is your mom?,Dierdre Wolownick," Where is she? What does she think about all this?"" And I think that those are the questions that anybody who is interested in an athlete's life, should ask.",0.0,,
4,FACT,Who is your sister?,Stasia," My sister is the person who can't live without me. She's like the love of my life. She's the one person in the world I would do anything for, and she loves me even though I'm a total pain in the ass. Basically what I mean by that is that if there was anyone in this world who could make me stop using drugs it'd be her. But she knows that I will never, ever stop using drugs, so she has basically given up on trying to influence me.",0.0,,
5,FACT,Which language did your mom talk to you in?,French," She only spoke French to my dad. So I grew up speaking French, Italian, and English. And then Spanish later on, because my mom is from Spain.",1.0,,
6,FACT,At what age did you start climbing?,10 years," I think I was about four or five. My parents took me to a climbing gym when I was very young, probably because they were both climbers themselves. They had their own walls at home, in the backyard, where I'd play. There were ropes hanging from the trees in the back yard, and a big rock outcropping that my dad would climb. It wasn't like I sat in a baby seat and then climbed on command--I pretty much just followed along.",0.0,,
7,FACT,Where did your dad get a permanent job?,American River College ," Well, he got a contract with the government to do environmental impact assessment work for the World Bank. So basically, they were like, ""We're going to send him to these exotic places and give him this stuff and see how it affects his behavior."" It was all kind of an experiment in behavioral economics.",0.4,,
8,FACT,Whose climbing stories did you read growning up?,Mark Twight," Well, I mean, obviously, John Bachar was a huge influence on me. And then later on, when I started writing about climbing myself, you know, the writers that I most admired were Mark Twight and Peter Croft and Lynn Hill. All three of them are now retired or semi-retired but they're sort of legendary climbers for their age.",1.0,,
9,FACT,What makes El Cap so intimidating?,Scale of the wall," ""The sheer scale of the wall,"" says Tommy Caldwell, ""the fact that it's so much higher than anything else out there, the complexity of the moves. It's just such a huge undertaking.""",1.0,,
10,FACT,What is your usual breakfast?,Muesli and fruit," I mean, I don't really have a usual breakfast. I mean, I eat the same things every morning. Eggs and vegetables or something. Yeah, eggs and vegetables basically. What about lunch? Do I have a usual lunch? Not really. It's just whatever sounds good that day basically.",0.5,,
11,FACT,Which project were you dreaming of for years?,Moonlight Buttress," Well, actually, I've had several. One was a project called the Long Drive, which was to build a vehicle that would go from one end of the Valley to the other without leaving the road. A sort of hybrid between a four-wheeler and a motorized bicycle. It would be like an electric bicycle but with better handling and higher speed. And it would use no gasoline whatsoever--just batteries and solar panels for energy.",0.0,,
12,FACT,What was the favorite hiking destination for you and your dad?,Mount Tallac," Well, I think the favorite for all of us was Yosemite. We would go every year from 2010 to 2014. So, yeah, it was just this amazing playground and we were lucky enough to visit it when it was still relatively untouched by tourists.",0.0,,
13,FACT,Who convinced The North Face to sponsor you?,Conrad Anker," Was it the climbing, or did you do other stuff that they were into? I think the answer to both questions is yes, but in different ways. The North Face was really into adventure and pushing the limits of what's possible. They had this competition back in the day called the Reinvention Of Climbing where they would send people up these crazy routes that no one had ever seen before. It's like a modern version of the Borneo expeditions in the '60s and '70s.",0.0,,
14,FACT,What keeps you motivated?,Insatiable hunger and curiosity," I think it was just a sense of curiosity and adventure, I mean I still have those same impulses today. You know, when you see something that's never been done before, or at least not very well, or not widely, then you're like that seems like an interesting challenge that would be fun to try.",0.6666667,,
15,INF,Tell me about your book Alone on the Wall. It’s split into seven of your most memorable climbs. What are they?,"They’re all just significant events for me. Starting with some of the early free solos that I did and sort of building in complexity as I started big wall soloing using some ropes and hardware, but mostly climbing by myself."," The Regular Northwest Face of Half Dome, the Torre Traverse, the Fitz Traverse, the Huberdihedral Wall in Switzerland, the Piola-Anker in Italy, and finally El Cap. The book is sort of a collection of my most epic climbs.",,0.47928417,0.42719713
16,INF,Can you explain the type of climbing you practice? I understand there are no ropes or climbing hardware to keep you safe.,"That’s called free soloing and that is part of what I do, but I mean I’ve been climbing for 20 years and I practice all sorts of climbing. That’s why I wrote the book to sort of show the different types of climbing that do."," So, what's the point? What does it mean? I hope you can understand.",,0.5789876,0.10603634
17,INF,How do you manage that fear?,It’s not like I have to overcome fear in the sense of like suppressing it. If I feel a lot of fear then I can just put something off until I’m better trained. The important thing for me is to differentiate between an appropriate fear – like a fear that I’m in danger – and an irrational fear in my mind. If I’m feeling fear because I’m actually in danger or because there’s a chance that I may fall or chance that I might die then that’s a very helpful warning and I should heed that.”," I mean, you know, I just sort of suppress it, you know. I don't let it influence me, you know. If there's a wall that I find too scary then I just don't do the climb. You know, if there's some other route that seems more secure then I go with that. But usually the fear goes away after a while and you're like oh this is pretty cool.",,0.62209785,0.69487536
18,INF,This is high stakes climbing. How do you grapple with the worst case scenario – death?,"Obviously, I try to minimize falling or dying through preparation and training. There’s no pressure for me to go soloing so if I’m not feeling totally up for it then I just put it of for later."," I mean, I don't know. I've thought about it a lot and I'm not sure what to think. I mean, do you have any idea how scary the climbing would be if i were to fall? If i were to die, that would be really hard on my family.",,0.48839915,0.4880613
19,INF,I understand you have a certain love affair with the Sierra Nevada. Tell me about that and the climbs you’ve taken there and your history with it.,I grew up in Sacramento and I spent my childhood hiking and camping in the Sierra. The smell of the pine forest there still feels very much like home. Yosemite is in the Sierra Nevada and that’s where I’ve done the majority of my climbing. I think El Capitan is probably the most impressive piece of rock in the world.," I was born in Sacramento, grew up in the Sierra Nevada. My dad worked for the California Department of Forestry and my mom taught English as a Second Language (ESL) at a community college. They were both native speakers of Spanish, but they spoke English to us kids because we all spoke Spanish at home.",,0.45792833,0.38277018
20,INF,How have you developed the focus required to free solo?,"That’s actually the one aspect of it I don’t need to practice. It’s not that I’m gifted. Free soloing just forces me to focus naturally. It’s a by-product of being on a wall without ropes: You have to perform, so you flip that switch. For me, the preparation lies more in physical training and route planning."," I think it's just a matter of practice. I've been practicing the moves on El Cap for years and never had the focus to do it safely. Then one day, everything came together perfectly. The weather was perfect, I didn't get too tired, and I managed not to kill myself. That kind of luck rarely repeats itself, but when it does, you have to take advantage of it. ",,0.3698112,0.615888
21,INF,How do you decide which risks are worth taking?,"The casual observer might think free soloing is all crazy and reckless. But you can’t have a long career unless you spend a tremendous amount of time thinking about risk and minimizing it to ensure your own safety. There’s a brief scene in Free Solo where an fMRI shows that the amygdala in my brain responds differently than a “normal” person’s to low levels of fear stimuli, and most viewers come away saying, “There’s something unique about his brain.” I find that slightly irritating, because I’ve spent 25 years conditioning myself to work in extreme conditions, so of course my brain is different—just as the brain of a monk who has spent years meditating or a taxi driver who has memorized all the streets of a city would be different.", Which projects are most in line with my values? Which teammates are worth trusting with a big project? How do I know if I'm being corrupted by the media attention and money that comes with climbing great walls?,,0.92585164,0.24131057
22,INF,Do all your climbs help prepare you for free solos?,"A lot of it—with a rope, with partners, or on easy terrain—is strictly for pleasure and relatively relaxed. But there is value in all the time and mileage on rock, feeling comfortable. It’s hard to sustain the intensity you need to free solo, so I think there’s something to be said for making that effort only when I need to."," I mean, I don't know. I think that any climb that you do helps to build confidence, and so the more climbs you do the more confident you become. So I think that free soloing does help to build your confidence but it's not like i'm doing it just because i'm trying to prepare for a free solo.",,0.3881965,0.68559307
23,INF,“Free solo” implies an individual pursuit. Do you prefer that or collaboration?,"On the whole, climbing is very collaborative. Even during the two years we filmed Free Solo, I did a giant rope linkup with the climbing legend, Tommy Caldwell. I climb with partners all the time. Free soloing is only a few climbs a year."," I think both. I like the challenge of an individual pursuit, but it's also nice to have a partner there who can provide some emotional support. If I'm going to do something for free solo, I at least want to feel comfortable about all the preparations that have been made and all the gear that's been checked and double-checked. The last thing I want is to be up there by myself and realize my rack is wrong or that I forgot my chalk bag or something.",,0.51135993,0.42579848
24,INF,How does your approach for philanthropic work on Honnold Foundation compare to your approach to climbing?,"I tend to take a big problem and break it into smaller parts. With climbing, I take a huge climb that seems like too much, but then I start. I train; I work towards it. I break it apart into pieces, work on the pieces, and then eventually do it. It’s definitely the same mindset. Issues of global poverty or climate change…can seem totally insurmountable, but then when you start to break it into little pieces, you think, “Well, I can do a little bit on this piece.” You may as well start and try. They basically both stem from the idea that you may as well start doing something…though these are obviously very different activities."," I think my approach to climbing and to life in general is much more mindfulness focused. I mean, when you're free soloing or aid climbing, you know there's a lot of mental component to it. A lot of times people mistake that for anxiety but it's not necessarily the case. It's just being fully present in the moment and being mindful of your surroundings and how you move through them. And so I think my approach to philanthropy is kind of the same thing, where it's all about being present and mindful and thinking about what you're doing rather than feeling anxious or nervous.",,0.6832443,0.4063005
25,INF,"What was it like, the first time you climbed El Capitan?","Completely outrageous. My partner and I had the big goal for the season to climb El Capitan in a day by any means, not free climbing, just doing anything we could to get to the top. We built up for it the whole season. It was a big adventure, a big challenge. We climbed the easiest route in 23 hours. Doing it represented a whole other world of climbing."," I was, like, nine or 10? My dad took me up to Yosemite for my birthday. We drove all day, got there in the evening, and he left me alone in the car while he went into the restaurant to talk to people. I was too young to climb anything but little routes. But I sat in the car all night and looked at the walls. That's what drew me first into free soloing and then into climbing El Capitan.",,0.44337818,0.44788912
26,INF,How do you manage climbing with someone less experienced or talented?,"In a guiding role, it’s easy: You just take over as team captain and do what needs to be done. The real danger is when two people think they’re climbing as equals but are bringing very different opinions on safety to it."," How do I get over my fear of falling? These are all fair questions, and the honest answer is that you don't really ""manage"" these things. You just climb. If you're with a partner, they can help you catch yourself if you start to fall, but basically if you trust your partner enough not to let go when it matters most, then you won't fall in the first place.",,0.8046699,0.47032738
27,INF,Is the way you train—memorizing and rehearsing your plan—typical?,"Visualizing how you’re going to navigate a difficult section is pretty common. Where are my hands going to go? Where should I place my foot? Even recreational climbers in gyms make plans for themselves before they leave the ground. With free soloing, you’re both remembering or anticipating how to do certain climbs and trying to imagine the emotional component. What will it feel like to be up high in a crazy, contorted position without protection during a difficult stretch? When I’m not climbing, I spend most of my time reading books about training, psychology, and performance. If I get one good idea from one book, that’s a success."," Do other people have similar routines? How do they feel about being judged by their training?
But the thing is, I don't train like that because I'm trying to be a good sport. I train that way because it works. It's how I can guarantee success. If I want to climb something new, or try a hard route for the first time, or just revisit an old favorite, there's only one way: memorize it, rehearse it until it feels automatic, and then go and do it. That's not ""trying to be a good sport."" That's being a professional climber.",,0.56893295,0.51217043
28,INF,What has led to the biggest breakthroughs in your climbs?,"There’s a creative element to solving problems, like figuring out how to climb certain sections of wall. But when I’m free soloing, I’ve already prepared and want to stick to the plan. I don’t want to be improvising. That would bring more uncertainty and risk into the equation. So most of my creative processing comes on rest days when I’m lying around somewhere safe, just thinking about climbing. That’s when I’ll envision “enchainments”—combinations of climbs that people have never done before."," I think the answer is pretty simple. Patience. Persistence. Determination. Grinding it out over many years until you finally achieve your goal, whether that be soloing a big wall or free soloing a small one. The process of becoming the best possible version of yourself, which for me includes learning Spanish and practicing yoga, may not seem as glamorous or fun as partying in Vegas or climbing some random crag near my hometown, but it's definitely more fulfilling and ultimately more beneficial to society.",,0.48969632,0.5379777
29,INF,Why did you establish Hannold Foundation?,"I had an obligation to do something for others, for those with fewer choices in life and fewer means to accomplish them. By 2012, thanks to sponsorship and commercials, I had more money than I needed to live comfortably. So I established the Honnold Foundation. Its motto is ""Helping people live better, simply."" The mission statement I posted on my new website read, ""The Honnold Foundation seeks simple, sustainable ways to improve lives world-wide. Simplicity is the key; low-impact, better living is the goal."""," Well, I started climbing when I was, like, 19 or 20 years old. And at that point in my life, there were no pro-level athletes from my home country of Switzerland. There were a few professional athletes from other countries that I looked up to, but basically none that I could relate to as a fellow climber. So for me it was important to create an platform and support structure for young Swiss climbers to be able to achieve their goals and dreams of becoming professional athletes.",,0.5841735,0.34889615
30,ABS,"Why can’t you take fewer risks, even if just for Sanni?","For Sanni, the point of life is happiness and to have a good time. For me, it’s all about performance. Nothing good happens in the world by being happy and cosy. Nobody achieves anything great because they’re happy and cosy. This is your path and you will pursue it with excellence. You face your fear because your goal demands it, that is the goddamn warrior spirit. You give something 100 percent focus because your life depends on it."," I mean, I could if it meant not climbing at all. But that's not really me.",,0.5636861,0.22846001
31,ABS,Is there a place you go when you go to inside of you when you’re free soloing that’s different then when you’re out with ropes and bolts on a rock?,It’s definitely more of something. I guess it takes me to a different place. It just requires a higher level of focus.," I mean, do you have a favorite place to go when you’re by yourself?",,0.8013353,0.18164785
32,ABS,"Since death is a big part of the way people interpret what you do, what scares you about life?","Intimacy, connection, relationships. Or you are wasting time, squandering it. I mean in some ways living with regret that you didn’t do the right thing or you could have done something better."," I'm afraid that I'll get in a car accident, that I'll have a heart attack, that I'll fall off a cliff. You know, the normal things that everybody fears.",,0.67111933,0.20957358
33,ABS,"What are your thoughts about fate, given what you do? Many people would look at what you do and have a sense that you're right on the edge between life and death.",I would hope that they're wrong about that! But who knows? I've never been religious or spiritual in any way. I'm not a big subscriber to fate. I see life as probabilities and chance and reality. Fate doesn't play into my thinking at all. But I definitely do think about mortality and my time being short. I'm very aware that I have a limited time here and I should make the most of it and do what I can. I think that the desire to do my best in climbing does stem in part from knowing that I'll only be here for a certain amount of time., That's certainly what I get a sense of when I'm on theedge.,,0.14682187,0.32971826
34,ABS,You compare free soloing to warrior culture. Can you tell me about that analogy and how it occurred to you?,"That particular quote about warrior culture came from Morocco, where I went climbing with Tommy. When I was on that trip, I binge-watched four seasons of a show called Spartacus, which is about gladiator violence in Ancient Rome. It’s perfect mindless action television to get you fired up for hard climbing. It made me think of all my climbing like…being in the ring, rising to the occasion, and performing. I was in a total gladiator mode, which is honestly a good mindset for free soloing.

I definitely wouldn’t say that I think of myself as a warrior or anything like that, but I do think the quote is used fairly in the film. It’s just slightly embarrassing for me to hear now because it seems over the top."," Well, I think that in many ways climbing has been like a warrior culture for me. You know, because you're putting yourself through these kinds of challenges and sort of pushing your own limits. And so it's kind of like a natural fit to compare it to the ancient Greeks or something.",,0.48525003,0.61368895
35,ABS,"I think it's fair to say that you do things that many people would not do because they would be stopped by fear. What is the difference there? Is it that you've learned to manage fear, or something innate?","Part of that is that I've spent so much time being afraid. I have a lot of experience with fear, probably more than the average person. And I think that allows me to help differentiate when I'm truly in danger and when I should act on it "" whether or not this fear that I'm feeling is important or not."," I think that there's an element of both. I think that for me, at least, the driving force has been an insatiable curiosity and a desire to push my own limits.",,0.7193705,0.25852838
36,ABS,Could you apply some of the skills you’ve developed as a climber to figure out the next stage of your life?,"It’s clichéd, but I do think climbing teaches you goal setting, work ethic, and perseverance. The majority of the time you spend sport climbing, you’re failing: falling off and then trying to figure out how not to fall. Climbing reminds you that to get better at anything, you’ve got to put in a tremendous amount of time and effort and keep beating your head against a wall to figure it out. So I guess my advice to myself would be to “keep moving.” I started the Honnold Foundation, which gives grants to advance solar energy around the world, because I wanted a positive outlet for the material rewards that were coming in from the film and doing commercials. Otherwise there’s no benefit to being famous. At least now I’m funneling a significant portion of my income to cause that matter. We’ll be giving away a million dollars in grants this year."," I think the most important thing is to have a really clear idea of what you want. I don't think I could define with precision what the next step is, but I do know that it's going to be something that will make me happy. And if I can do it in a way that helps other people, great. But ultimately, it has to be about what makes me feel fulfilled and content.",,0.715689,0.33549693
37,ABS,"Do you try to sustain a sense of your life’s fragility when you’re not 3,000 feet in the air?","Actually, I would say that the feeling of free soloing is not relishing the feeling of mortality or death. It’s relishing the feeling of taking something that seems like it should be scary or dangerous and making it feel comfortable or safe. The real joy in soloing is to do something that should make you think you’re going to die, but then actually be totally comfortable and know that you’re not going to die. The pursuit of mastery, the work that you’re doing when soloing, is to make you feel comfortable.", Probably not. But it does make you think about it more.,,0.4425861,0.22577484
38,ABS,"Would you admit that most humans in pockets of society live within a status quo, that we live within the median, we don’t take enough risks?","I mean by definition most people live within the average, it makes sense because we’re hardwired to seek out comfort and stability and enjoy our lives, there’s nothing wrong with that. I think that the whole spectrum of human activity makes sense. It makes sense for most people in the middle, even for me, I’m sure I’m just like a standard deviation out to one part of the other."," No, I would not admit that. Most humans in pockets of society do take enough risks. It's just that the kind of climbing I'm doing now is so much more extreme than anything else most humans are doing.",,0.57353556,0.3945282
39,ABS,Did you feel like you got addicted to climbing that you just wanted to explore it further at a certain point?,"I think it’s just the activity that gives me the most joy in life. In some ways, some people love to go running or swimming. There’s a certain elemental or base appeal to the activity."," Yeah, I mean there was definitely a point in my life where I just felt like I wanted to see what else is out there.",,0.46716693,0.31726938
40,ABS,Don’t you think it would benefit all of us to embrace the irrational a bit more or not to be so risk-averse in a way?,I think that on any given day everybody is confronting risk and there’s always a degree of randomness. Everybody is facing death each day. We just put it out of our minds and never think about it., I think it would be nice if we could all just take a deep breath and relax.,,0.7183931,0.30832306
41,ABS,"Has your relationship with nature changed? I mean you’ve built a very close bond throughout your life with nature. Up close and personal, more than a lot of us so how would you define your relationship with nature in a way.","That’s an interesting question. I’ve never really thought about it. I mean in some ways I’d say that I don’t see a huge difference between nature and non-nature.  It’s all just part of the same world. I feel comfortable in the outdoors and in the bush. Typically if you’re raised in a city or the suburbs you think of nature as something else, you are like, ‘oh those wild spaces, that seems dangerous’. But I don’t feel that way anymore."," That everyone will understand, I think. I mean you know it all starts with the fact that i've lived most of my life in the woods and on the road so much of my life that i'm basically a tree-hugger, if you will. You know I love being outside and I feel very close to nature.",,0.26953322,0.5152809
42,ABS,Why dont you like to drink?,"I’ve never done drugs, and though I’ve tasted alcohol, I’ve never had a whole drink. I don’t even drink coffee. I had a small cup once—it was like drinking battery acid. I had to poop all morning. I once had a sniff of Scotch. I thought, I should be cleaning my sink with this stuff. It’s not some moral objection—drugs and booze and caffeine just have no appeal to me."," I mean, I do, but not as much as my friends do. They're like, ""Dude, you drink too much."" I'm like, ""No, I don't,"" but then also when I was in high school and college, people thought you had to drink to be cool. And now that I'm older and have more responsibilities and stuff it's like less fun to me.",,0.45811474,0.5987154
43,ABS,What are your thougts about fear during climbing?,"Fear. It’s the most primal element in cutting-edge climbing, or indeed, in adventure of any kind. Even nonclimbers can recognize that fact, when they watch footage of me free soloing. That’s why the first question out of their mouths is usually, “Aren’t you afraid . . . ?” (They don’t have to finish the sentence—“that you’re going to die?”)
I’ve done a lot of thinking about fear. For me, the crucial question is not how to climb without fear—that’s impossible—but how to deal with it when it creeps into your nerve endings.
"," I think that fear is a good thing. I don't think that you should let yourself get carried away or become too comfortable. If you're doing something that's new and scary then it's good to be afraid, it means your body is ready for what comes next.",,0.5733243,0.64644057
44,ABS,Where does confidence and self-belief come from?,"I see it all rooted in rationalism, in a basic evaluation of objective reality: Can I do this? And if I can, then I just do it. If I've done something on a rope over and over and over, then obviously I can physically do it, so there's no real reason why I shouldn't be able to do it without the rope."," I think it's from within, you know. I think that if you're naturally a confident person, then it doesn't really matter where you are as long as you're doing what you love.",,0.31655818,0.24054639
