,Set Symbol,Question,Answer,Prediction,F1,Fluency,Relevancy
0,FACT,Where did you grow up?,"Sacramento, California"," In Sacramento, California. My dad was a police officer, so I grew up in a very law-enforcementy kind of way.",1.0,,
1,FACT,Who is your dad?,Charles Hannold," I don't know. I mean, like, that's a tough one. Um. My dad died when I was young, so it'd be like hard to talk about him even if he were alive.",0.0,,
2,FACT,When is your birthday?,"August 17, 1985"," June 19, 1995.",0.0,,
3,FACT,Who is your mom?,Dierdre Wolownick, Where is she? What does she look like? How do I describe her? These are all questions that I think about a lot.,0.0,,
4,FACT,Who is your sister?,Stasia," My sister is the person who's going to be like, ""Oh, he just climbed with her. It's totally casual."" No, I actually really like this girl. We've been talking about maybe dating for a while now.",0.0,,
5,FACT,Which language did your mom talk to you in?,French," She only spoke French to my dad. So I grew up speaking French, Italian, and English. And then Spanish later on, because my mom is from Spain.",1.0,,
6,FACT,At what age did you start climbing?,10 years," I think I was about four or five. My parents took me to a climbing gym when I was very young, probably because they were both climbers themselves. They had their own little climbing club, the Arcs Club, which consisted of them and a few friends.",0.0,,
7,FACT,Where did your dad get a permanent job?,American River College ," Well, he got a contract with the government to do environmental impact assessment work for the World Bank. So basically, they were like, ""We're going to send him to these exotic places and give him this crazy budget and see if he can sort of make it work."" And so far he's done all these amazing things.",0.4,,
8,FACT,Whose climbing stories did you read growning up?,Mark Twight," Well, I mean, obviously, John Bachar was a huge influence on me. And then later on, when I started writing about climbing myself, you know, like in my late 20s or early 30s, you know, the writers that I most admired were Alpinist writers like Peter Croft and Jim Erickson and Mark Twight and all those guys. You know those guys wrote these great classic climbs in the 1980s and 1990s where they're just sort of telling it like it is. Like no holds barred!",1.0,,
9,FACT,What makes El Cap so intimidating?,Scale of the wall," ""The sheer scale of the wall,"" says Tommy Caldwell, ""the fact that it's so much higher than you ever dreamed it would be, the complexity of the moves. It's just this huge mental barrier.""",1.0,,
10,FACT,What is your usual breakfast?,Muesli and fruit," I mean, I don't have a usual breakfast. I mean, normally what I do is like scrambled eggs and vegetables and stuff. You know, just standard egg McMuffin. But this time I was like, ""I don't know if I should eat meat on the climb."" Um, so maybe an omelet with like spinach and stuff in it or something.",0.5,,
11,FACT,Which project were you dreaming of for years?,Moonlight Buttress," Well, actually, I've had several. One was a project in the High Sierra that I've always loved: to climb the three highest peaks in the range in one day. (The Triple Crown of Yosemite.) The other was to do El Capitan in a single day--to ""solo"" it, as they say.",0.0,,
12,FACT,What was the favorite hiking destination for you and your dad?,Mount Tallac," Well, I think for me it was Yosemite. For him, it was the Sierras. We didn't really have a favorite mountain or region, you know. Just different things.",0.0,,
13,FACT,Who convinced The North Face to sponsor you?,Conrad Anker," Was it the climbing, or the film-making, or the writing? Or all of them?",0.0,,
14,FACT,What keeps you motivated?,Insatiable hunger and curiosity," I think it was the quote I used to use all the time when I was like 25 or 26, which is, ""I don't see myself as a hero of mine. I see myself as a normal person who's doing something extraordinary."" For me, that's still pretty much true.",0.0,,
15,INF,Tell me about your book Alone on the Wall. It’s split into seven of your most memorable climbs. What are they?,"They’re all just significant events for me. Starting with some of the early free solos that I did and sort of building in complexity as I started big wall soloing using some ropes and hardware, but mostly climbing by myself."," The Regular Northwest Face of Half Dome, the Torre Traverse, the Fitz Traverse, the Huberdihedral Traverse, the Astroman and the Zodiac.",,0.1983178,0.19665474
16,INF,Can you explain the type of climbing you practice? I understand there are no ropes or climbing hardware to keep you safe.,"That’s called free soloing and that is part of what I do, but I mean I’ve been climbing for 20 years and I practice all sorts of climbing. That’s why I wrote the book to sort of show the different types of climbing that do."," So, what's the point? I practice free soloing and roped climbing in a gym to improve my technique. That said, I consider myself a climber first and foremost.",,0.65694773,0.6995319
17,INF,How do you manage that fear?,It’s not like I have to overcome fear in the sense of like suppressing it. If I feel a lot of fear then I can just put something off until I’m better trained. The important thing for me is to differentiate between an appropriate fear – like a fear that I’m in danger – and an irrational fear in my mind. If I’m feeling fear because I’m actually in danger or because there’s a chance that I may fall or chance that I might die then that’s a very helpful warning and I should heed that.”," I mean, you know, I just sort of suppress it, you know. I don't let it dictate how I feel about something that i'm interested in. You know, if there's a wall that I want to climb and i'm afraid of the wall, then I just don't do it.",,0.66751266,0.6834582
18,INF,This is high stakes climbing. How do you grapple with the worst case scenario – death?,"Obviously, I try to minimize falling or dying through preparation and training. There’s no pressure for me to go soloing so if I’m not feeling totally up for it then I just put it of for later."," I mean, I don't know. I've never thought about it before.",,0.575465,0.13129514
19,INF,I understand you have a certain love affair with the Sierra Nevada. Tell me about that and the climbs you’ve taken there and your history with it.,I grew up in Sacramento and I spent my childhood hiking and camping in the Sierra. The smell of the pine forest there still feels very much like home. Yosemite is in the Sierra Nevada and that’s where I’ve done the majority of my climbing. I think El Capitan is probably the most impressive piece of rock in the world.," I was born in Sacramento, but moved to the Bay Area when I was very young. My mom worked for UC Berkeley, my dad was a city employee. We lived in a really nice neighborhood, kind of upper middle class. And then everything changed for us one day when my mom got into a car accident that left her bedridden for months and basically took our lives as we knew it away.",,0.6094906,0.44390422
20,INF,How have you developed the focus required to free solo?,"That’s actually the one aspect of it I don’t need to practice. It’s not that I’m gifted. Free soloing just forces me to focus naturally. It’s a by-product of being on a wall without ropes: You have to perform, so you flip that switch. For me, the preparation lies more in physical training and route planning."," I think it's pretty easy to answer. From the very beginning, my goal has always been to solo climb as efficiently as possible. I've tried to develop techniques that allow me to focus solely on the task at hand--climbing without distraction. The key is knowing how to apply those techniques in a variety of different ways. For instance, when I'm free soloing, I never look down. If I did, my pace would slow right down! Instead, I visualize the route in its entirety before me like a movie playing in 3-D: all 1,500 feet of it. That way, even though I can't see any of the actual holds below me (because there aren't any), I know exactly where each one is and what they feel like from memory. It's almost like having a personal rolodex of every single hold on earth!",,0.57291687,0.7192954
21,INF,How do you decide which risks are worth taking?,"The casual observer might think free soloing is all crazy and reckless. But you can’t have a long career unless you spend a tremendous amount of time thinking about risk and minimizing it to ensure your own safety. There’s a brief scene in Free Solo where an fMRI shows that the amygdala in my brain responds differently than a “normal” person’s to low levels of fear stimuli, and most viewers come away saying, “There’s something unique about his brain.” I find that slightly irritating, because I’ve spent 25 years conditioning myself to work in extreme conditions, so of course my brain is different—just as the brain of a monk who has spent years meditating or a taxi driver who has memorized all the streets of a city would be different.", Which projects are most in line with my values? Which teammates are worth trusting with a big project? How do I know if I'm being prudent or just being afraid?,,0.9406963,0.38583672
22,INF,Do all your climbs help prepare you for free solos?,"A lot of it—with a rope, with partners, or on easy terrain—is strictly for pleasure and relatively relaxed. But there is value in all the time and mileage on rock, feeling comfortable. It’s hard to sustain the intensity you need to free solo, so I think there’s something to be said for making that effort only when I need to."," I mean, I don't know. I think that any climb that you do helps to build confidence, and so the more climbs you do the more confident you become. And so ultimately free soloing is just a culmination of all those other climbs combined together into one big moment.",,0.4841233,0.64517236
23,INF,“Free solo” implies an individual pursuit. Do you prefer that or collaboration?,"On the whole, climbing is very collaborative. Even during the two years we filmed Free Solo, I did a giant rope linkup with the climbing legend, Tommy Caldwell. I climb with partners all the time. Free soloing is only a few climbs a year."," I think both. I like the challenge of taking on a project that requires a lot of preparation and work from a soloist, then executing it perfectly on the day of. But I also like collaborating with other people, especially filmmakers, on projects that are fun for all involved.",,0.33753893,0.54242927
24,INF,How does your approach for philanthropic work on Honnold Foundation compare to your approach to climbing?,"I tend to take a big problem and break it into smaller parts. With climbing, I take a huge climb that seems like too much, but then I start. I train; I work towards it. I break it apart into pieces, work on the pieces, and then eventually do it. It’s definitely the same mindset. Issues of global poverty or climate change…can seem totally insurmountable, but then when you start to break it into little pieces, you think, “Well, I can do a little bit on this piece.” You may as well start and try. They basically both stem from the idea that you may as well start doing something…though these are obviously very different activities."," I think my approach to climbing and to life in general is much more laid back than Honnold's. I don't know if he'd call it ""laid back"" but, you know, compared to his super steep mountains and his crazy hard soloing and free climbing, my style of climbing is pretty mellow.",,0.71500397,0.44417542
25,INF,"What was it like, the first time you climbed El Capitan?","Completely outrageous. My partner and I had the big goal for the season to climb El Capitan in a day by any means, not free climbing, just doing anything we could to get to the top. We built up for it the whole season. It was a big adventure, a big challenge. We climbed the easiest route in 23 hours. Doing it represented a whole other world of climbing."," I was, like, nine or 10? My dad took me up to Yosemite for my birthday. We got to the top of Freerider before sunrise. I can still remember the whole feeling of awe as I looked down from the summit and saw the lights of civilization below me. And then, when we climbed El Capitan, it was even more surreal. Both times were incredible experiences that I'll never forget.",,0.39256117,0.5670194
26,INF,How do you manage climbing with someone less experienced or talented?,"In a guiding role, it’s easy: You just take over as team captain and do what needs to be done. The real danger is when two people think they’re climbing as equals but are bringing very different opinions on safety to it."," How do I make sure we're both having fun? What should we climb next?"" These are all fair questions, and they all come down to this: How do you keep the peace? The best way I've found is to have a set of ground rules ahead of time. For me, that meant limiting our routes to those two or three factors that I knew we could both handle. If either one of us wanted to try a more difficult route, like Moonlight Buttress (5.12a), we had to negotiate beforehand--""I'd love to do Moonlight,"" I might say, ""if you're comfortable with it."" And if she said yes, then we did it!",,0.63353145,0.4179154
27,INF,Is the way you train—memorizing and rehearsing your plan—typical?,"Visualizing how you’re going to navigate a difficult section is pretty common. Where are my hands going to go? Where should I place my foot? Even recreational climbers in gyms make plans for themselves before they leave the ground. With free soloing, you’re both remembering or anticipating how to do certain climbs and trying to imagine the emotional component. What will it feel like to be up high in a crazy, contorted position without protection during a difficult stretch? When I’m not climbing, I spend most of my time reading books about training, psychology, and performance. If I get one good idea from one book, that’s a success."," Do other climbers train in a similar way? How do they feel about it? I think the general public has a pretty dim view of professional athletes. They think we're all just super-fit and that we don't have any real lives outside of our sports. And maybe that's true of some Olympic medalists, but I can tell you from experience that most professional athletes are incredibly driven by the need to be the best they can be. That's especially true of climbers like me, who spend years training for one big competition.""",,0.7606778,0.52173936
28,INF,What has led to the biggest breakthroughs in your climbs?,"There’s a creative element to solving problems, like figuring out how to climb certain sections of wall. But when I’m free soloing, I’ve already prepared and want to stick to the plan. I don’t want to be improvising. That would bring more uncertainty and risk into the equation. So most of my creative processing comes on rest days when I’m lying around somewhere safe, just thinking about climbing. That’s when I’ll envision “enchainments”—combinations of climbs that people have never done before."," I think the answer is pretty simple. Patience. Persistence. Determination. Grinding it out over many years until you finally achieve your goal, whether that's soloing the Nose or free soloing Moonlight Buttress. The thing is, those are all things I already do in my climbing everyday, so they aren't really ""breakthroughs,"" per se. They're just things that I do naturally and have always done well.",,0.40146902,0.6486944
29,INF,Why did you establish Hannold Foundation?,"I had an obligation to do something for others, for those with fewer choices in life and fewer means to accomplish them. By 2012, thanks to sponsorship and commercials, I had more money than I needed to live comfortably. So I established the Honnold Foundation. Its motto is ""Helping people live better, simply."" The mission statement I posted on my new website read, ""The Honnold Foundation seeks simple, sustainable ways to improve lives world-wide. Simplicity is the key; low-impact, better living is the goal."""," Well, I started climbing when I was, like, 19 or 20 years old. And at that point in my life, there were no pro- climbers that I knew of that were trans. So it was just sort of this personal thing where i'd always felt a little bit different and kind of wanted to explore that. And then as soon as you start exploring it, you know you start getting curious about your own body and how does it work and all that stuff.",,0.48162428,0.18958981
30,ABS,"Why can’t you take fewer risks, even if just for Sanni?","For Sanni, the point of life is happiness and to have a good time. For me, it’s all about performance. Nothing good happens in the world by being happy and cosy. Nobody achieves anything great because they’re happy and cosy. This is your path and you will pursue it with excellence. You face your fear because your goal demands it, that is the goddamn warrior spirit. You give something 100 percent focus because your life depends on it."," I mean, I could if it meant not climbing at all. But that's not really an option. Not for me, anyway.",,0.6127114,0.17196882
31,ABS,Is there a place you go when you go to inside of you when you’re free soloing that’s different then when you’re out with ropes and bolts on a rock?,It’s definitely more of something. I guess it takes me to a different place. It just requires a higher level of focus.," I mean, do you have a favorite place to go when you’re by yourself?",,0.8013353,0.18164785
32,ABS,"Since death is a big part of the way people interpret what you do, what scares you about life?","Intimacy, connection, relationships. Or you are wasting time, squandering it. I mean in some ways living with regret that you didn’t do the right thing or you could have done something better."," I'm afraid that I'll get in a car accident, that I'll have a heart attack, that I'll fall off a cliff. There are all these things you hear about famous climbers dying in accidents or of old age. It's not like I'm trying to avoid those things--I just don't want them to happen to me.",,0.6218916,0.2924322
33,ABS,"What are your thoughts about fate, given what you do? Many people would look at what you do and have a sense that you're right on the edge between life and death.",I would hope that they're wrong about that! But who knows? I've never been religious or spiritual in any way. I'm not a big subscriber to fate. I see life as probabilities and chance and reality. Fate doesn't play into my thinking at all. But I definitely do think about mortality and my time being short. I'm very aware that I have a limited time here and I should make the most of it and do what I can. I think that the desire to do my best in climbing does stem in part from knowing that I'll only be here for a certain amount of time., That's certainly what I get a sense of when I'm on theedge.,,0.14682187,0.32971826
34,ABS,You compare free soloing to warrior culture. Can you tell me about that analogy and how it occurred to you?,"That particular quote about warrior culture came from Morocco, where I went climbing with Tommy. When I was on that trip, I binge-watched four seasons of a show called Spartacus, which is about gladiator violence in Ancient Rome. It’s perfect mindless action television to get you fired up for hard climbing. It made me think of all my climbing like…being in the ring, rising to the occasion, and performing. I was in a total gladiator mode, which is honestly a good mindset for free soloing.

I definitely wouldn’t say that I think of myself as a warrior or anything like that, but I do think the quote is used fairly in the film. It’s just slightly embarrassing for me to hear now because it seems over the top."," Well, I think that in many ways climbing has been like a warrior culture for me. You know, because you're putting your life on the line every time you climb. And so it makes sense that when I started writing about climbing, and especially after Free Solo came out, people were like, ""Oh, he must be getting all kinds of crazy offers to do crazy things."" And it's not quite like that. It's just that nobody has asked me to do anything yet that I've said no to.",,0.61654496,0.58720905
35,ABS,"I think it's fair to say that you do things that many people would not do because they would be stopped by fear. What is the difference there? Is it that you've learned to manage fear, or something innate?","Part of that is that I've spent so much time being afraid. I have a lot of experience with fear, probably more than the average person. And I think that allows me to help differentiate when I'm truly in danger and when I should act on it "" whether or not this fear that I'm feeling is important or not."," I think it's probably some of both. I mean, certainly there are plenty of things that I do in climbing that would be scary for me if somebody else was doing them. But I've also learned to manage my fear, you know, not let it get in the way of my goals.",,0.64010936,0.6907294
36,ABS,Could you apply some of the skills you’ve developed as a climber to figure out the next stage of your life?,"It’s clichéd, but I do think climbing teaches you goal setting, work ethic, and perseverance. The majority of the time you spend sport climbing, you’re failing: falling off and then trying to figure out how not to fall. Climbing reminds you that to get better at anything, you’ve got to put in a tremendous amount of time and effort and keep beating your head against a wall to figure it out. So I guess my advice to myself would be to “keep moving.” I started the Honnold Foundation, which gives grants to advance solar energy around the world, because I wanted a positive outlet for the material rewards that were coming in from the film and doing commercials. Otherwise there’s no benefit to being famous. At least now I’m funneling a significant portion of my income to cause that matter. We’ll be giving away a million dollars in grants this year."," I think the most important thing is to be open to new opportunities. I don't know if I would necessarily call it a climbing move, but last year when I was in Las Vegas for the solar conference, I went rock climbing with some friends. It had been a while since I'd done any real climbing, and it felt great to be on rock again. The problem was that my fingers were all thumbs. It took me three or four days of concentrated effort just to get back into the swing of things. But now that I've been doing it for a while, it doesn't feel like work anymore.",,0.7283209,0.526417
37,ABS,"Do you try to sustain a sense of your life’s fragility when you’re not 3,000 feet in the air?","Actually, I would say that the feeling of free soloing is not relishing the feeling of mortality or death. It’s relishing the feeling of taking something that seems like it should be scary or dangerous and making it feel comfortable or safe. The real joy in soloing is to do something that should make you think you’re going to die, but then actually be totally comfortable and know that you’re not going to die. The pursuit of mastery, the work that you’re doing when soloing, is to make you feel comfortable."," I mean, I think it’s important to remember that any one of those accidents could have happened. You know, I was climbing with a very good friend of mine the other day and we were talking about this. And he said you know when you look at people who have been in serious accidents, they all seem to have this sense that it could have been them. That any second their life could be over.",,0.58470774,0.4174022
38,ABS,"Would you admit that most humans in pockets of society live within a status quo, that we live within the median, we don’t take enough risks?","I mean by definition most people live within the average, it makes sense because we’re hardwired to seek out comfort and stability and enjoy our lives, there’s nothing wrong with that. I think that the whole spectrum of human activity makes sense. It makes sense for most people in the middle, even for me, I’m sure I’m just like a standard deviation out to one part of the other."," No, I would not admit that. Most humans in pockets of society do take enough risks. It's just that the kind of climbing I'm doing now is so much more dangerous than what most people are doing in their day-to-day lives.",,0.59301364,0.42260277
39,ABS,Did you feel like you got addicted to climbing that you just wanted to explore it further at a certain point?,"I think it’s just the activity that gives me the most joy in life. In some ways, some people love to go running or swimming. There’s a certain elemental or base appeal to the activity."," I mean, I think that you can get addicted to just about anything. But yeah, at a certain point you're like this seems really fun and I'd like to do more of it.",,0.50266236,0.60014814
40,ABS,Don’t you think it would benefit all of us to embrace the irrational a bit more or not to be so risk-averse in a way?,I think that on any given day everybody is confronting risk and there’s always a degree of randomness. Everybody is facing death each day. We just put it out of our minds and never think about it., I think it would be healthier for all of us.,,0.63978994,0.18896088
41,ABS,"Has your relationship with nature changed? I mean you’ve built a very close bond throughout your life with nature. Up close and personal, more than a lot of us so how would you define your relationship with nature in a way.","That’s an interesting question. I’ve never really thought about it. I mean in some ways I’d say that I don’t see a huge difference between nature and non-nature.  It’s all just part of the same world. I feel comfortable in the outdoors and in the bush. Typically if you’re raised in a city or the suburbs you think of nature as something else, you are like, ‘oh those wild spaces, that seems dangerous’. But I don’t feel that way anymore."," That everyone will understand, I think. I mean you know, like when you hear the word bond it sounds a little bit corny but there is a real bond between me and nature that has always been there.",,0.39376816,0.45099437
42,ABS,Why dont you like to drink?,"I’ve never done drugs, and though I’ve tasted alcohol, I’ve never had a whole drink. I don’t even drink coffee. I had a small cup once—it was like drinking battery acid. I had to poop all morning. I once had a sniff of Scotch. I thought, I should be cleaning my sink with this stuff. It’s not some moral objection—drugs and booze and caffeine just have no appeal to me."," I mean, I do, but not in a crazy way. Not like compulsively. I mean, I've certainly done enough drinking to know that when you're doing it right, it's fun. It's a nice break from work. You know, it relaxes you. But if your life were totally stress free, then there'd be no point in doing the climbs.",,0.45973268,0.4530455
43,ABS,What are your thougts about fear during climbing?,"Fear. It’s the most primal element in cutting-edge climbing, or indeed, in adventure of any kind. Even nonclimbers can recognize that fact, when they watch footage of me free soloing. That’s why the first question out of their mouths is usually, “Aren’t you afraid . . . ?” (They don’t have to finish the sentence—“that you’re going to die?”)
I’ve done a lot of thinking about fear. For me, the crucial question is not how to climb without fear—that’s impossible—but how to deal with it when it creeps into your nerve endings.
"," I think that fear is a good thing. I don't like to be afraid, but i'm glad that i'm afraid for the right reasons.",,0.66845256,0.52398014
44,ABS,Where does confidence and self-belief come from?,"I see it all rooted in rationalism, in a basic evaluation of objective reality: Can I do this? And if I can, then I just do it. If I've done something on a rope over and over and over, then obviously I can physically do it, so there's no real reason why I shouldn't be able to do it without the rope."," I think it's from within, you know. I think that if you're naturally a confident person, then you probably just feel very comfortable in your own skin, and so it comes quite naturally to you. But if you have to work at being confident, then I think that's kind of harder.",,0.4476273,0.29498097
