,Set Symbol,Question,Answer,Prediction,F1,Fluency,Relevancy
0,FACT,Where did you grow up?,"Sacramento, California"," In Sacramento, California. Both my parents taught English as a Second Language (ESL) at a series of institutions in the United States and abroad. Eventually they landed more permanent jobs at American River College in Sacramento. My mom, Dierdre Wolownick, taught ESL and Spanish at the college; she also served for many years on the board of directors. Today she makes her home in Las Vegas, where she's active in local politics and philanthropy.",1.0,,
1,FACT,Who is your dad?,Charles Hannold," I don't know. I mean, like, that's a tough one. Um. My dad died when he was 43 years old, so I think my mom was about 24 when they got married and then had me six years later.",0.0,,
2,FACT,When is your birthday?,"August 17, 1985",","" I asked. ""August 3,"" he replied. ""I'll be twenty-one.""",0.5,,
3,FACT,Who is your mom?,Dierdre Wolownick," Why is my mommy leaving me? Why can't she love me? Am I a bad boy?"" And then, ""Why don't they have food in the desert?"" It's like an endless cycle of questions.",0.0,,
4,FACT,Who is your sister?,Stasia, My sister is the person who can't live without me. She's the one I have to give a cell phone so she can find me in case of emergency.,0.0,,
5,FACT,Which language did your mom talk to you in?,French," She only spoke French to my dad. So I grew up speaking French, Italian, and Spanish all interchangeably with my parents. And then English later on as well, because my mom made sure that we all spoke English in the home.",1.0,,
6,FACT,At what age did you start climbing?,10 years," I think I was about four or five. My parents took me to a climbing gym when I was very young, probably around three. They were both climbers themselves--my dad was a hardcore trad leader, and my mom did a lot of sport climbing and bouldering. So from the start I grew up in a world of climbers.",0.0,,
7,FACT,Where did your dad get a permanent job?,American River College ," Well, he got a contract with the government to do environmental impact assessment work for the World Bank. So basically what they would have him do is go to these developing countries and basically live with these families in their homes and see how they lived and make recommendations to help them improve their lives. And so it was kind of a cool program, I mean my dad did that for several years. It's not like he had some sort of permanent position when we moved back to the US it was just this thing where you know he'd get a contract and then eventually they would hire him permanently or something like that.",0.4,,
8,FACT,Whose climbing stories did you read growning up?,Mark Twight," Well, I mean, obviously John Bachar was a huge influence on me. And then, you know, the writers that I read were all kind of old-school: Mark Twight, Peter Croft, Jim Bridwell. You know, classic American climbing writers. And then sort of newer school ones like Alex Lowe and Tim Kemple and people like that.",1.0,,
9,FACT,What makes El Cap so intimidating?,Scale of the wall," ""The sheer scale of the wall,"" says Tommy Caldwell, ""the fact that it's so much higher than you ever want to climb again, and the fact that you're by yourself. You've got no one to help you or talk you through it. Just a whole bunch of solitude.""",1.0,,
10,FACT,What is your usual breakfast?,Muesli and fruit," Eggs and bacon. What else? Hash browns. Oh, and coffee, lots of coffee.",0.5,,
11,FACT,Which project were you dreaming of for years?,Moonlight Buttress," Well, actually, I've had several. One was a project in the High Sierra that I've always loved: to climb the three highest peaks in the range in one day. (The Triple Crown of Yosemite.) That's been my goal in the High Sierra for as long as I can remember. But more than any specific peak, I've always dreamed of climbing all four Yosemite faces on one day--the north face of Mount Watkins (easier than it sounds), followed by the Regular Northwest Face on Half Dome, then the Original Route on El Capitan, and finally the King Swing across Devil's Bay to access Red Rocks via Lake Mead National Recreation Area. Four different routes on four different faces on four different mountains all linked together into one epic traverse.",0.0,,
12,FACT,What was the favorite hiking destination for you and your dad?,Mount Tallac," Well, I think the favorite for all of us was Yosemite. We would go every year from 2010 to 2014. It's such a beautiful place and it inspired me and my dad so much that--I mean, he had his book published in 2013, which was kind of the peak years there because you have your best chance of seeing the giant Sequoias.",0.0,,
13,FACT,Who convinced The North Face to sponsor you?,Conrad Anker," Was it the climbing, or the film-making, or the writing? Or all of them together? A lot of people have asked me that. I think they were probably thinking: ""This random kid from California seems to know a lot about climbing.""",0.0,,
14,FACT,What keeps you motivated?,Insatiable hunger and curiosity," I think it was just the idea of, like, trying to break the two-hour wall. I mean, that's always been my goal. That's always seemed incredibly difficult and far off, but now that I've done it once, I feel like it's within reach.",0.4,,
15,INF,Tell me about your book Alone on the Wall. It’s split into seven of your most memorable climbs. What are they?,"They’re all just significant events for me. Starting with some of the early free solos that I did and sort of building in complexity as I started big wall soloing using some ropes and hardware, but mostly climbing by myself."," The Regular Northwest Face of Half Dome, the Torre Traverse, the Fitz Traverse, the Aguja Val Biois, and the two routes on El Cap. Yeah, I did all those in one year alone. In May 2010.",,0.3479215,0.39276662
16,INF,Can you explain the type of climbing you practice? I understand there are no ropes or climbing hardware to keep you safe.,"That’s called free soloing and that is part of what I do, but I mean I’ve been climbing for 20 years and I practice all sorts of climbing. That’s why I wrote the book to sort of show the different types of climbing that do."," So, what's the point? What does it mean? I hope you can understand.",,0.5789876,0.10603634
17,INF,How do you manage that fear?,It’s not like I have to overcome fear in the sense of like suppressing it. If I feel a lot of fear then I can just put something off until I’m better trained. The important thing for me is to differentiate between an appropriate fear – like a fear that I’m in danger – and an irrational fear in my mind. If I’m feeling fear because I’m actually in danger or because there’s a chance that I may fall or chance that I might die then that’s a very helpful warning and I should heed that.”," I mean, you know, I just sort of suppress it, you know. I don't let it dictate how I feel about climbing or how I perform on the wall. It's there but I manage it as best as possible.",,0.5794676,0.5382758
18,INF,This is high stakes climbing. How do you grapple with the worst case scenario – death?,"Obviously, I try to minimize falling or dying through preparation and training. There’s no pressure for me to go soloing so if I’m not feeling totally up for it then I just put it of for later."," I mean, I don't know. I've never thought about it before.",,0.575465,0.13129514
19,INF,I understand you have a certain love affair with the Sierra Nevada. Tell me about that and the climbs you’ve taken there and your history with it.,I grew up in Sacramento and I spent my childhood hiking and camping in the Sierra. The smell of the pine forest there still feels very much like home. Yosemite is in the Sierra Nevada and that’s where I’ve done the majority of my climbing. I think El Capitan is probably the most impressive piece of rock in the world.," I was born in Sacramento. My dad worked for the state of California, my mom stayed at home and took care of me and my three older brothers. We grew up basically in the mountains around Lake Tahoe. I went to high school in Incline Village, which is like a little town at the base of Mount Tallac, which is where some of the climbing takes place in Tahoe. Basically since I was a kid I loved going to the crags near our house. It wasn't so much about climbing as it was about exploring new places and meeting new people and having adventures.",,0.56562495,0.65936595
20,INF,How have you developed the focus required to free solo?,"That’s actually the one aspect of it I don’t need to practice. It’s not that I’m gifted. Free soloing just forces me to focus naturally. It’s a by-product of being on a wall without ropes: You have to perform, so you flip that switch. For me, the preparation lies more in physical training and route planning."," I think it's pretty easy to answer. From the very beginning, my goal has always been to free solo as many routes as I can. That's what I mean by ""developing the focus."" When I was a kid, that kind of focused goal seemed impossible. Now it seems obvious.",,0.7405172,0.56503826
21,INF,How do you decide which risks are worth taking?,"The casual observer might think free soloing is all crazy and reckless. But you can’t have a long career unless you spend a tremendous amount of time thinking about risk and minimizing it to ensure your own safety. There’s a brief scene in Free Solo where an fMRI shows that the amygdala in my brain responds differently than a “normal” person’s to low levels of fear stimuli, and most viewers come away saying, “There’s something unique about his brain.” I find that slightly irritating, because I’ve spent 25 years conditioning myself to work in extreme conditions, so of course my brain is different—just as the brain of a monk who has spent years meditating or a taxi driver who has memorized all the streets of a city would be different.", Which projects are most in line with my values? Which teammates are worth trusting with a big project? How do I know if I'm being corrupted by the desire for success?,,0.9500615,0.257482
22,INF,Do all your climbs help prepare you for free solos?,"A lot of it—with a rope, with partners, or on easy terrain—is strictly for pleasure and relatively relaxed. But there is value in all the time and mileage on rock, feeling comfortable. It’s hard to sustain the intensity you need to free solo, so I think there’s something to be said for making that effort only when I need to."," I mean, I don't know. I think that any climb that you do helps to build confidence, and so the more climbs you do the more confident you become. And so ultimately free soloing is just a culmination of all those other climbs combined together into one big moment.",,0.4841233,0.64517236
23,INF,“Free solo” implies an individual pursuit. Do you prefer that or collaboration?,"On the whole, climbing is very collaborative. Even during the two years we filmed Free Solo, I did a giant rope linkup with the climbing legend, Tommy Caldwell. I climb with partners all the time. Free soloing is only a few climbs a year."," I think both. I like the challenge of taking on a project alone, but I also like the comfort of having a partner there to help out if needed. Either way, it's all about the experience and the journey as much as the destination.",,0.46689442,0.41527474
24,INF,How does your approach for philanthropic work on Honnold Foundation compare to your approach to climbing?,"I tend to take a big problem and break it into smaller parts. With climbing, I take a huge climb that seems like too much, but then I start. I train; I work towards it. I break it apart into pieces, work on the pieces, and then eventually do it. It’s definitely the same mindset. Issues of global poverty or climate change…can seem totally insurmountable, but then when you start to break it into little pieces, you think, “Well, I can do a little bit on this piece.” You may as well start and try. They basically both stem from the idea that you may as well start doing something…though these are obviously very different activities."," I think my approach to climbing and to life in general is much more laid back than Honnold's. I don't know if he'd call it ""laid back"" but, you know, compared to his super intense training regimen and focus on performance it's pretty easy for me. For me, the most important thing is just to live a good life and do good things with other people.",,0.698605,0.52014315
25,INF,"What was it like, the first time you climbed El Capitan?","Completely outrageous. My partner and I had the big goal for the season to climb El Capitan in a day by any means, not free climbing, just doing anything we could to get to the top. We built up for it the whole season. It was a big adventure, a big challenge. We climbed the easiest route in 23 hours. Doing it represented a whole other world of climbing."," I was, like, nine or 10? My dad took me up to Yosemite for my birthday. We drove all day, got there in the evening, and he left me alone in the car while he went into the restaurant to talk to people. I was too young to climb anything but little routes. But I sat in the car all night and looked through the windows at all the climbers going up on El Capitan. It was kind of a life-changing experience.""",,0.40432456,0.4697886
26,INF,How do you manage climbing with someone less experienced or talented?,"In a guiding role, it’s easy: You just take over as team captain and do what needs to be done. The real danger is when two people think they’re climbing as equals but are bringing very different opinions on safety to it."," How do I make the climb safer for others? These are all fair questions, and they're especially pertinent in the case of Tommy, who is less experienced and less talented than I am. The truth is that we've never really talked about any of this. When we go climbing together, it's not like I insist on taking care of him or protect him from falling off (though he has more than once insisted that I was holding him in place). He just goes up and does his thing, which fortunately for him includes being my partner when I lead.",,0.80609524,0.46333143
27,INF,Is the way you train—memorizing and rehearsing your plan—typical?,"Visualizing how you’re going to navigate a difficult section is pretty common. Where are my hands going to go? Where should I place my foot? Even recreational climbers in gyms make plans for themselves before they leave the ground. With free soloing, you’re both remembering or anticipating how to do certain climbs and trying to imagine the emotional component. What will it feel like to be up high in a crazy, contorted position without protection during a difficult stretch? When I’m not climbing, I spend most of my time reading books about training, psychology, and performance. If I get one good idea from one book, that’s a success."," Do other climbers train in a similar way? How do they deal with the stress of knowing that what they are doing might lead to their deaths? These are all questions I've been asking myself for years. And while I still don't have definitive answers, I'm hoping this book will help spark a conversation about climbing training and how it can be applied to real life.",,0.9560807,0.68457437
28,INF,What has led to the biggest breakthroughs in your climbs?,"There’s a creative element to solving problems, like figuring out how to climb certain sections of wall. But when I’m free soloing, I’ve already prepared and want to stick to the plan. I don’t want to be improvising. That would bring more uncertainty and risk into the equation. So most of my creative processing comes on rest days when I’m lying around somewhere safe, just thinking about climbing. That’s when I’ll envision “enchainments”—combinations of climbs that people have never done before."," For years, I've been obsessed with the Dawn Wall on El Cap. It's such an iconic formation that it even appears on United States currency. In 2010, I tried twice to climb it, but both times I got stopped by bad weather in the Valley. The second time was a real heartbreaker because I'd spent more than a month rehearsing all of my moves carefully in the gym and on the route below. On top of that, I had great gear--neatly arranged pitches of 5.10 and 5.9--that allowed me to skip pitches easily if the going got too hard.",,0.6362886,0.5595064
29,INF,Why did you establish Hannold Foundation?,"I had an obligation to do something for others, for those with fewer choices in life and fewer means to accomplish them. By 2012, thanks to sponsorship and commercials, I had more money than I needed to live comfortably. So I established the Honnold Foundation. Its motto is ""Helping people live better, simply."" The mission statement I posted on my new website read, ""The Honnold Foundation seeks simple, sustainable ways to improve lives world-wide. Simplicity is the key; low-impact, better living is the goal."""," Well, I started climbing when I was, like, 19 or 20 years old. And at that point in my life, there were no pro- climbers that I knew of that were trans. So it was just sort of this personal thing where I felt like you know, the community needs to kind of address this issue more and be more open about it.",,0.45678076,0.21795793
30,ABS,"Why can’t you take fewer risks, even if just for Sanni?","For Sanni, the point of life is happiness and to have a good time. For me, it’s all about performance. Nothing good happens in the world by being happy and cosy. Nobody achieves anything great because they’re happy and cosy. This is your path and you will pursue it with excellence. You face your fear because your goal demands it, that is the goddamn warrior spirit. You give something 100 percent focus because your life depends on it.", she once asked.,,0.22021735,0.048222497
31,ABS,Is there a place you go when you go to inside of you when you’re free soloing that’s different then when you’re out with ropes and bolts on a rock?,It’s definitely more of something. I guess it takes me to a different place. It just requires a higher level of focus.," I mean, do you have a favorite place to go when you’re by yourself?",,0.8013353,0.18164785
32,ABS,"Since death is a big part of the way people interpret what you do, what scares you about life?","Intimacy, connection, relationships. Or you are wasting time, squandering it. I mean in some ways living with regret that you didn’t do the right thing or you could have done something better."," I'm afraid that I'll get in a car accident, that I'll have a heart attack, that I'll fall off a cliff. You know, the normal things that everybody fears.",,0.67111933,0.20957358
33,ABS,"What are your thoughts about fate, given what you do? Many people would look at what you do and have a sense that you're right on the edge between life and death.",I would hope that they're wrong about that! But who knows? I've never been religious or spiritual in any way. I'm not a big subscriber to fate. I see life as probabilities and chance and reality. Fate doesn't play into my thinking at all. But I definitely do think about mortality and my time being short. I'm very aware that I have a limited time here and I should make the most of it and do what I can. I think that the desire to do my best in climbing does stem in part from knowing that I'll only be here for a certain amount of time., That's certainly what I get a sense of when I'm on theedge.,,0.14682187,0.32971826
34,ABS,You compare free soloing to warrior culture. Can you tell me about that analogy and how it occurred to you?,"That particular quote about warrior culture came from Morocco, where I went climbing with Tommy. When I was on that trip, I binge-watched four seasons of a show called Spartacus, which is about gladiator violence in Ancient Rome. It’s perfect mindless action television to get you fired up for hard climbing. It made me think of all my climbing like…being in the ring, rising to the occasion, and performing. I was in a total gladiator mode, which is honestly a good mindset for free soloing.

I definitely wouldn’t say that I think of myself as a warrior or anything like that, but I do think the quote is used fairly in the film. It’s just slightly embarrassing for me to hear now because it seems over the top."," Well, I think that in many ways climbing has been like a warrior culture for me. You know, because you're putting your life on the line every time you climb. And so it makes sense that when I started writing about climbing, and talking about my experiences as a climber, that people would want to hear more about those stories.",,0.5259533,0.5782098
35,ABS,"I think it's fair to say that you do things that many people would not do because they would be stopped by fear. What is the difference there? Is it that you've learned to manage fear, or something innate?","Part of that is that I've spent so much time being afraid. I have a lot of experience with fear, probably more than the average person. And I think that allows me to help differentiate when I'm truly in danger and when I should act on it "" whether or not this fear that I'm feeling is important or not."," I think it's probably some of both. I mean, I think that most climbers, if they were to be honest with themselves, would admit that they're afraid of something. But then they'll say, well, I'm still going to do it anyway.",,0.5072559,0.5690485
36,ABS,Could you apply some of the skills you’ve developed as a climber to figure out the next stage of your life?,"It’s clichéd, but I do think climbing teaches you goal setting, work ethic, and perseverance. The majority of the time you spend sport climbing, you’re failing: falling off and then trying to figure out how not to fall. Climbing reminds you that to get better at anything, you’ve got to put in a tremendous amount of time and effort and keep beating your head against a wall to figure it out. So I guess my advice to myself would be to “keep moving.” I started the Honnold Foundation, which gives grants to advance solar energy around the world, because I wanted a positive outlet for the material rewards that were coming in from the film and doing commercials. Otherwise there’s no benefit to being famous. At least now I’m funneling a significant portion of my income to cause that matter. We’ll be giving away a million dollars in grants this year."," I think the most important thing is to be open to new opportunities. I don't know if I would call it a hobby, but back in the day, when people asked me if I wanted to climb Mount Everest, my answer was always no. Now that I've done it three times (still got an obsession), maybe I can say that it's a hobby that has now become a passion.",,0.66126156,0.48140338
37,ABS,"Do you try to sustain a sense of your life’s fragility when you’re not 3,000 feet in the air?","Actually, I would say that the feeling of free soloing is not relishing the feeling of mortality or death. It’s relishing the feeling of taking something that seems like it should be scary or dangerous and making it feel comfortable or safe. The real joy in soloing is to do something that should make you think you’re going to die, but then actually be totally comfortable and know that you’re not going to die. The pursuit of mastery, the work that you’re doing when soloing, is to make you feel comfortable."," Probably not. But it does make you think about it more, and I guess that’s the whole point of the exercise.",,0.41753244,0.3136912
38,ABS,"Would you admit that most humans in pockets of society live within a status quo, that we live within the median, we don’t take enough risks?","I mean by definition most people live within the average, it makes sense because we’re hardwired to seek out comfort and stability and enjoy our lives, there’s nothing wrong with that. I think that the whole spectrum of human activity makes sense. It makes sense for most people in the middle, even for me, I’m sure I’m just like a standard deviation out to one part of the other."," No, I would not admit that. Most humans in pockets of society do take enough risks. It's just that the kind of risk they're talking about is the safe, secure, predictable kind.",,0.566156,0.46432203
39,ABS,Did you feel like you got addicted to climbing that you just wanted to explore it further at a certain point?,"I think it’s just the activity that gives me the most joy in life. In some ways, some people love to go running or swimming. There’s a certain elemental or base appeal to the activity."," Yeah, I mean there was definitely a point in my life where I just felt like I wanted to see what else is out there.",,0.46716693,0.31726938
40,ABS,Don’t you think it would benefit all of us to embrace the irrational a bit more or not to be so risk-averse in a way?,I think that on any given day everybody is confronting risk and there’s always a degree of randomness. Everybody is facing death each day. We just put it out of our minds and never think about it.," I think that it would be nice if we could all just calm down a bit and not be so afraid of the dark. But I also think that you can’t really change other people, or else we would have done so much better than we are currently doing. So I suppose in some sense it doesn’t matter what I think, because ultimately it will only matter what the public thinks and how they respond to my projects.",,0.6605494,0.48269948
41,ABS,"Has your relationship with nature changed? I mean you’ve built a very close bond throughout your life with nature. Up close and personal, more than a lot of us so how would you define your relationship with nature in a way.","That’s an interesting question. I’ve never really thought about it. I mean in some ways I’d say that I don’t see a huge difference between nature and non-nature.  It’s all just part of the same world. I feel comfortable in the outdoors and in the bush. Typically if you’re raised in a city or the suburbs you think of nature as something else, you are like, ‘oh those wild spaces, that seems dangerous’. But I don’t feel that way anymore."," That everyone will understand, I think. I mean you know it all starts with the fact that i've lived most of my life in the woods so i'm kind of used to being surrounded by nature and having a very close relationship with it. And then when you go through something like last year's forest fires or this years hurricane season where we’ve had multiple storms hit the east coast and kill lots of people or just devastate areas, you know it makes you reevaluate your relationship with nature and ask yourself if you actually need to be around it as much as you have in the past.",,0.3890889,0.49256587
42,ABS,Why dont you like to drink?,"I’ve never done drugs, and though I’ve tasted alcohol, I’ve never had a whole drink. I don’t even drink coffee. I had a small cup once—it was like drinking battery acid. I had to poop all morning. I once had a sniff of Scotch. I thought, I should be cleaning my sink with this stuff. It’s not some moral objection—drugs and booze and caffeine just have no appeal to me."," I mean, I do, but not to the extent that people think that I do. I like to drink socially. You know, I've been known to have a beer or two in the afternoon. But if you're asking me if I'm ever intoxicated, no, never. Not even slightly.",,0.65837103,0.64162976
43,ABS,What are your thougts about fear during climbing?,"Fear. It’s the most primal element in cutting-edge climbing, or indeed, in adventure of any kind. Even nonclimbers can recognize that fact, when they watch footage of me free soloing. That’s why the first question out of their mouths is usually, “Aren’t you afraid . . . ?” (They don’t have to finish the sentence—“that you’re going to die?”)
I’ve done a lot of thinking about fear. For me, the crucial question is not how to climb without fear—that’s impossible—but how to deal with it when it creeps into your nerve endings.
"," I think that fear is a good thing. I don't like to be afraid, but i'm glad that i'm afraid for the right reasons.",,0.66845256,0.52398014
44,ABS,Where does confidence and self-belief come from?,"I see it all rooted in rationalism, in a basic evaluation of objective reality: Can I do this? And if I can, then I just do it. If I've done something on a rope over and over and over, then obviously I can physically do it, so there's no real reason why I shouldn't be able to do it without the rope."," I think it's from within, you know. I think that if you're naturally a confident person, then it doesn't really matter where you are as long as you're in a safe environment and your team is around you supporting you and encouraging you then I think that confidence will just flow. But if your confidence is low because your team has left or gone away or whatever, then no matter how good the situation seems there's always this little voice in the back of your mind saying ""What if we get found out?"" You know what I mean?",,0.4760082,0.26703072
