,Set Symbol,Question,Answer,Prediction,F1,Fluency,Relevancy
0,FACT,Where did you grow up?,"Sacramento, California"," In Sacramento, California. Both my parents taught English as a Second Language (ESL) at a series of institutions in the United States and abroad. Eventually they landed more permanent jobs at American River College in Sacramento. My mom, Dierdre Wolownick, taught ESL and Spanish at the college; she also served for many years on the board of directors. Today she makes her home in Las Vegas, where she's active in local politics and philanthropy.",1.0,,
1,FACT,Who is your dad?,Charles Hannold," I don't know. I mean, obviously I thought he was my dad and then, like, found out otherwise.",0.0,,
2,FACT,When is your birthday?,"August 17, 1985"," April 9, 1992.",0.0,,
3,FACT,Who is your mom?,Dierdre Wolownick," Where is she? What does she look like? How did I get here?"" And then, ""What am I going to do now?""",0.0,,
4,FACT,Who is your sister?,Stasia," My sister is the person who can't live without me. She's the one I have to bring home from the bar. The other guys in my life, they're sort of taken care of. My sister, she's like a parent to me.",0.0,,
5,FACT,Which language did your mom talk to you in?,French," She only spoke Italian to my dad. So I grew up speaking Italian, English, and a little bit of Spanish.",0.0,,
6,FACT,At what age did you start climbing?,10 years," I think I was about four or five. My parents took me to a climbing gym when I was very young, probably because they were both climbers themselves. They had their own little club and would take me to competitions and stuff like that.",0.0,,
7,FACT,Where did your dad get a permanent job?,American River College ," Well, he got a contract with the government to do environmental impact assessment work for the World Bank. So basically what they would have him do is go to these developing countries and evaluate how well various projects were going to affect the environment.",0.4,,
8,FACT,Whose climbing stories did you read growning up?,Mark Twight," Well, I mean, obviously John Bachar was a huge influence on me. And then, you know, the writers that I read were all kind of old-school: Peter Croft and John Long and all those guys. You know, when you're growing up in Sacramento it's like sort of lame to be into climbing. Like everybody's into fitness or outdoorsy things. Like it's just not cool to like hang out in gyms or whatever. But now that I'm older it doesn't matter at all what sports i'm into because they're all based on physical activity right? So if i'm going to get credit for anything its going to be for being a hard worker.",0.0,,
9,FACT,What makes El Cap so intimidating?,Scale of the wall," ""The sheer scale of the wall,"" says Tommy Caldwell, ""the complexity of the climbing, and the fact that it's there all alone, without any vegetation, with nothing around it. It just stares you in the face.""",1.0,,
10,FACT,What is your usual breakfast?,Muesli and fruit," I mean, I don't really have a usual breakfast. I just eat what's available. Like if there's eggs or something, I'll eat the eggs. If there's bread, I'll eat the bread. You know, if there's jam, I'll spread the jam.",0.0,,
11,FACT,Which project were you dreaming of for years?,Moonlight Buttress," Well, actually, I've had several. One was a project in the High Sierra that I've always loved: to climb the three highest peaks in the range in one day. (The Triple Crown of Yosemite.) The other was to do El Capitan in a single day--to ""solo"" it, as they say.",0.0,,
12,FACT,What was the favorite hiking destination for you and your dad?,Mount Tallac," Well, I think for me it was Yosemite. For him, it was the High Sierra. We would always try to go to Yosemite at least once a year because it's such an iconic place and such a great playground for climbers. And you know I love climbing myself, so that was my favorite thing about going there.",0.0,,
13,FACT,Who convinced The North Face to sponsor you?,Conrad Anker," Was it the climbing, or the film-making, or the writing? Or all of them?",0.0,,
14,FACT,What keeps you motivated?,Insatiable hunger and curiosity," I don't know if I can really say, other than the fact that I really like challenges.",0.0,,
15,INF,Tell me about your book Alone on the Wall. It’s split into seven of your most memorable climbs. What are they?,"They’re all just significant events for me. Starting with some of the early free solos that I did and sort of building in complexity as I started big wall soloing using some ropes and hardware, but mostly climbing by myself."," The first one is the Rostrum in Las Vegas. I did it with a friend of mine, Dean Potter. It was only about a 5.11d route, but it was really cool because it was the first free solo we did together. It was also the first time I ever climbed outside Las Vegas, so that made it pretty memorable too.",,0.7535405,0.4803158
16,INF,Can you explain the type of climbing you practice? I understand there are no ropes or climbing hardware to keep you safe.,"That’s called free soloing and that is part of what I do, but I mean I’ve been climbing for 20 years and I practice all sorts of climbing. That’s why I wrote the book to sort of show the different types of climbing that do."," I mean, I use a harness and some gear, but that's it. No rope, no hardware. It's kind of like soloing except with a little more protection.",,0.58827984,0.41786763
17,INF,How do you manage that fear?,It’s not like I have to overcome fear in the sense of like suppressing it. If I feel a lot of fear then I can just put something off until I’m better trained. The important thing for me is to differentiate between an appropriate fear – like a fear that I’m in danger – and an irrational fear in my mind. If I’m feeling fear because I’m actually in danger or because there’s a chance that I may fall or chance that I might die then that’s a very helpful warning and I should heed that.”," I mean, you know, I just sort of suppress it, basically. You know, I think about it less and less each year. Each year I do a little bit more and think a little bit less.",,0.563884,0.43982756
18,INF,This is high stakes climbing. How do you grapple with the worst case scenario – death?,"Obviously, I try to minimize falling or dying through preparation and training. There’s no pressure for me to go soloing so if I’m not feeling totally up for it then I just put it of for later."," I mean, I don't know. I've never thought about it before.",,0.575465,0.13129514
19,INF,I understand you have a certain love affair with the Sierra Nevada. Tell me about that and the climbs you’ve taken there and your history with it.,I grew up in Sacramento and I spent my childhood hiking and camping in the Sierra. The smell of the pine forest there still feels very much like home. Yosemite is in the Sierra Nevada and that’s where I’ve done the majority of my climbing. I think El Capitan is probably the most impressive piece of rock in the world.," I was born in Sacramento, but moved to the Bay Area when I was very young. My mom worked for UC Berkeley so I grew up going to school and climbing at university of California. It was all about exploring the backcountry of Yosemite and other places in California. ",,0.2765149,0.67278636
20,INF,How have you developed the focus required to free solo?,"That’s actually the one aspect of it I don’t need to practice. It’s not that I’m gifted. Free soloing just forces me to focus naturally. It’s a by-product of being on a wall without ropes: You have to perform, so you flip that switch. For me, the preparation lies more in physical training and route planning."," I think it's pretty easy to answer. From the very beginning, my goal has always been to free solo as many routes as I can. That's what I mean by ""developing the focus."" When I was a kid, that kind of focused goal seemed impossible. Now it seems totally natural.",,0.7450029,0.5712087
21,INF,How do you decide which risks are worth taking?,"The casual observer might think free soloing is all crazy and reckless. But you can’t have a long career unless you spend a tremendous amount of time thinking about risk and minimizing it to ensure your own safety. There’s a brief scene in Free Solo where an fMRI shows that the amygdala in my brain responds differently than a “normal” person’s to low levels of fear stimuli, and most viewers come away saying, “There’s something unique about his brain.” I find that slightly irritating, because I’ve spent 25 years conditioning myself to work in extreme conditions, so of course my brain is different—just as the brain of a monk who has spent years meditating or a taxi driver who has memorized all the streets of a city would be different.", Which projects are most in line with my values? Which teammates are worth trusting with a big project? How do I know if I'm being prudent or just being afraid?,,0.9406963,0.38583672
22,INF,Do all your climbs help prepare you for free solos?,"A lot of it—with a rope, with partners, or on easy terrain—is strictly for pleasure and relatively relaxed. But there is value in all the time and mileage on rock, feeling comfortable. It’s hard to sustain the intensity you need to free solo, so I think there’s something to be said for making that effort only when I need to."," I mean, I don't know. I think that any climbing that you do helps to build confidence, and so the idea of doing a free solo or even a big wall with a rope is just sort of inherent in the confidence building aspect of climbing. But I think that if you are going to go out and do something like this it's because you really want to, and you're prepared for it. You really want to push your own limits, and so I think that preparation does help but i'm not sure if preparation necessarily makes perfect.",,0.4605526,0.6735905
23,INF,“Free solo” implies an individual pursuit. Do you prefer that or collaboration?,"On the whole, climbing is very collaborative. Even during the two years we filmed Free Solo, I did a giant rope linkup with the climbing legend, Tommy Caldwell. I climb with partners all the time. Free soloing is only a few climbs a year."," I think both. I like the challenge of taking on a project alone, but I also like the companionship of working with a partner. It all depends on the circumstances and how I'm feeling.",,0.5164155,0.46595705
24,INF,How does your approach for philanthropic work on Honnold Foundation compare to your approach to climbing?,"I tend to take a big problem and break it into smaller parts. With climbing, I take a huge climb that seems like too much, but then I start. I train; I work towards it. I break it apart into pieces, work on the pieces, and then eventually do it. It’s definitely the same mindset. Issues of global poverty or climate change…can seem totally insurmountable, but then when you start to break it into little pieces, you think, “Well, I can do a little bit on this piece.” You may as well start and try. They basically both stem from the idea that you may as well start doing something…though these are obviously very different activities."," I think my approach to climbing and to life in general is much more laid back than Honnold's. I don't know if he'd call it ""laid back"" but, you know, I spend a lot of time thinking about the world and what we're doing and where we're going and how we can do things better. And then when i'm climbing, I mean, I'm just trying to climb as well as I can.",,0.7186323,0.5935391
25,INF,"What was it like, the first time you climbed El Capitan?","Completely outrageous. My partner and I had the big goal for the season to climb El Capitan in a day by any means, not free climbing, just doing anything we could to get to the top. We built up for it the whole season. It was a big adventure, a big challenge. We climbed the easiest route in 23 hours. Doing it represented a whole other world of climbing."," I was, like, nine or 10? My dad took me up to Yosemite for my birthday. We drove all day, and he didn't want to hike in the park, so we did a lot of driving and then hitching hikes. It was kind of lame. But once I got on the wall, it was totally different.",,0.37905243,0.55254996
26,INF,How do you manage climbing with someone less experienced or talented?,"In a guiding role, it’s easy: You just take over as team captain and do what needs to be done. The real danger is when two people think they’re climbing as equals but are bringing very different opinions on safety to it."," How do I make the climb safer for them? These are all fair questions, and they're especially pertinent in guiding. For years, the conventional wisdom among climbers has been that you shouldn't mix less-experienced partners or roped buddies on a big wall. The thinking goes that if you're going to go up on a big wall with someone else, either they should be your equal or it should be a professional guide. That's not entirely fair--it's too easy to look down the line and judge other people's climbing abilities based on their age or appearance. But it does reflect the reality that most of us (even me) start out our climbing careers as beginners, so we naturally defer to those who have more experience.",,0.72632575,0.61786985
27,INF,Is the way you train—memorizing and rehearsing your plan—typical?,"Visualizing how you’re going to navigate a difficult section is pretty common. Where are my hands going to go? Where should I place my foot? Even recreational climbers in gyms make plans for themselves before they leave the ground. With free soloing, you’re both remembering or anticipating how to do certain climbs and trying to imagine the emotional component. What will it feel like to be up high in a crazy, contorted position without protection during a difficult stretch? When I’m not climbing, I spend most of my time reading books about training, psychology, and performance. If I get one good idea from one book, that’s a success."," Do other climbers train in a similar way? How do they feel about it? I don't mean to sound like a tool, but I'm usually asked about training. People seem fascinated by the idea of climbing through your own thoughts. As if climbing is some kind of mental exercise that you have to prepare for. The truth is, most climbers wouldn't recognize the word preparation if it jumped off a cliff and bit them on the ass.",,0.80479836,0.75303924
28,INF,What has led to the biggest breakthroughs in your climbs?,"There’s a creative element to solving problems, like figuring out how to climb certain sections of wall. But when I’m free soloing, I’ve already prepared and want to stick to the plan. I don’t want to be improvising. That would bring more uncertainty and risk into the equation. So most of my creative processing comes on rest days when I’m lying around somewhere safe, just thinking about climbing. That’s when I’ll envision “enchainments”—combinations of climbs that people have never done before."," I think the answer to that question depends on whether you ask what has led to my ""biggest failures"" or ""most crushing defeats."" Let's start with the former.",,0.8238638,0.3401393
29,INF,Why did you establish Hannold Foundation?,"I had an obligation to do something for others, for those with fewer choices in life and fewer means to accomplish them. By 2012, thanks to sponsorship and commercials, I had more money than I needed to live comfortably. So I established the Honnold Foundation. Its motto is ""Helping people live better, simply."" The mission statement I posted on my new website read, ""The Honnold Foundation seeks simple, sustainable ways to improve lives world-wide. Simplicity is the key; low-impact, better living is the goal."""," Well, I started climbing when I was, like, 19 or 20 years old. And at that point in my life, there were no pro-athlete type of sponsorship where they're like, ""Oh yeah he's got this great product."" You know it wasn't like that. There was no foundation for me to donate to. So I started the Foundation basically as an attempt to sort of balance out the universe a little bit and give back from something that i've gained from something else.",,0.45296648,0.5465246
30,ABS,"Why can’t you take fewer risks, even if just for Sanni?","For Sanni, the point of life is happiness and to have a good time. For me, it’s all about performance. Nothing good happens in the world by being happy and cosy. Nobody achieves anything great because they’re happy and cosy. This is your path and you will pursue it with excellence. You face your fear because your goal demands it, that is the goddamn warrior spirit. You give something 100 percent focus because your life depends on it.", She deserves better than me. She doesn't deserve to be with a guy who might get us both killed.,,0.65973276,0.19898808
31,ABS,Is there a place you go when you go to inside of you when you’re free soloing that’s different then when you’re out with ropes and bolts on a rock?,It’s definitely more of something. I guess it takes me to a different place. It just requires a higher level of focus.," Do you have a go to place when you’re free soloing that's different than just doing it in a gym? I mean, I don't know if there is one specific place. For me it's just about being comfortable and trusting the equipment.",,0.6623088,0.28920266
32,ABS,"Since death is a big part of the way people interpret what you do, what scares you about life?","Intimacy, connection, relationships. Or you are wasting time, squandering it. I mean in some ways living with regret that you didn’t do the right thing or you could have done something better."," I'm afraid that I'll get in a car accident, that I'll have a heart attack, that I'll fall off a cliff. You know, the normal things that everybody fears.",,0.67111933,0.20957358
33,ABS,"What are your thoughts about fate, given what you do? Many people would look at what you do and have a sense that you're right on the edge between life and death.",I would hope that they're wrong about that! But who knows? I've never been religious or spiritual in any way. I'm not a big subscriber to fate. I see life as probabilities and chance and reality. Fate doesn't play into my thinking at all. But I definitely do think about mortality and my time being short. I'm very aware that I have a limited time here and I should make the most of it and do what I can. I think that the desire to do my best in climbing does stem in part from knowing that I'll only be here for a certain amount of time., That's a big part of what attracted me to the project in the first place.,,0.713255,0.15244871
34,ABS,You compare free soloing to warrior culture. Can you tell me about that analogy and how it occurred to you?,"That particular quote about warrior culture came from Morocco, where I went climbing with Tommy. When I was on that trip, I binge-watched four seasons of a show called Spartacus, which is about gladiator violence in Ancient Rome. It’s perfect mindless action television to get you fired up for hard climbing. It made me think of all my climbing like…being in the ring, rising to the occasion, and performing. I was in a total gladiator mode, which is honestly a good mindset for free soloing.

I definitely wouldn’t say that I think of myself as a warrior or anything like that, but I do think the quote is used fairly in the film. It’s just slightly embarrassing for me to hear now because it seems over the top."," Well, I think that in many ways climbing has been like a warrior culture for me. You know, because you're pushing yourself to the limit and doing things that are considered dangerous. And so it kind of feels like a natural extension of what I've already been doing in the gym and on rock walls and all that stuff.",,0.4997839,0.588932
35,ABS,"I think it's fair to say that you do things that many people would not do because they would be stopped by fear. What is the difference there? Is it that you've learned to manage fear, or something innate?","Part of that is that I've spent so much time being afraid. I have a lot of experience with fear, probably more than the average person. And I think that allows me to help differentiate when I'm truly in danger and when I should act on it "" whether or not this fear that I'm feeling is important or not."," I think it's probably a little bit of both. I mean, I think that if you're somebody who is naturally inclined towards risk-taking, then certainly by the age of thirty or so you're going to have learned how to mitigate as much as possible against the natural tendencies. But at some point, you know, like when you're BASE jumping or something, and it's like ""Oh my God,"" or whatever it is that you're doing, there's just no avoiding it.",,0.64165944,0.42889297
36,ABS,Could you apply some of the skills you’ve developed as a climber to figure out the next stage of your life?,"It’s clichéd, but I do think climbing teaches you goal setting, work ethic, and perseverance. The majority of the time you spend sport climbing, you’re failing: falling off and then trying to figure out how not to fall. Climbing reminds you that to get better at anything, you’ve got to put in a tremendous amount of time and effort and keep beating your head against a wall to figure it out. So I guess my advice to myself would be to “keep moving.” I started the Honnold Foundation, which gives grants to advance solar energy around the world, because I wanted a positive outlet for the material rewards that were coming in from the film and doing commercials. Otherwise there’s no benefit to being famous. At least now I’m funneling a significant portion of my income to cause that matter. We’ll be giving away a million dollars in grants this year."," I think the most important thing is to be open to new opportunities. I don't know if I would call it a hobby, but back in 2010 when I soloed the Nose, I had this crazy idea that maybe one day somebody would hire me to climb something really big. That's not really happened yet, but who knows? Maybe it will happen someday.",,0.75903505,0.46254122
37,ABS,"Do you try to sustain a sense of your life’s fragility when you’re not 3,000 feet in the air?","Actually, I would say that the feeling of free soloing is not relishing the feeling of mortality or death. It’s relishing the feeling of taking something that seems like it should be scary or dangerous and making it feel comfortable or safe. The real joy in soloing is to do something that should make you think you’re going to die, but then actually be totally comfortable and know that you’re not going to die. The pursuit of mastery, the work that you’re doing when soloing, is to make you feel comfortable."," Probably not. But it does make you think about it more, and I guess that’s the whole point of the exercise.",,0.41753244,0.3136912
38,ABS,"Would you admit that most humans in pockets of society live within a status quo, that we live within the median, we don’t take enough risks?","I mean by definition most people live within the average, it makes sense because we’re hardwired to seek out comfort and stability and enjoy our lives, there’s nothing wrong with that. I think that the whole spectrum of human activity makes sense. It makes sense for most people in the middle, even for me, I’m sure I’m just like a standard deviation out to one part of the other."," No, I would not admit that. Most humans in pockets of society do take enough risks. It's just that the kind of risk they're taking is the wrong kind.",,0.5310631,0.35329562
39,ABS,Did you feel like you got addicted to climbing that you just wanted to explore it further at a certain point?,"I think it’s just the activity that gives me the most joy in life. In some ways, some people love to go running or swimming. There’s a certain elemental or base appeal to the activity."," I mean, I think that you can get addicted to just about anything. But yeah, I mean at a certain point you just know enough and you're like this is enough, I want to go home.",,0.46464723,0.32069698
40,ABS,Don’t you think it would benefit all of us to embrace the irrational a bit more or not to be so risk-averse in a way?,I think that on any given day everybody is confronting risk and there’s always a degree of randomness. Everybody is facing death each day. We just put it out of our minds and never think about it., I think it would be nice if we could all just take a deep breath and relax.,,0.7183931,0.30832306
41,ABS,"Has your relationship with nature changed? I mean you’ve built a very close bond throughout your life with nature. Up close and personal, more than a lot of us so how would you define your relationship with nature in a way.","That’s an interesting question. I’ve never really thought about it. I mean in some ways I’d say that I don’t see a huge difference between nature and non-nature.  It’s all just part of the same world. I feel comfortable in the outdoors and in the bush. Typically if you’re raised in a city or the suburbs you think of nature as something else, you are like, ‘oh those wild spaces, that seems dangerous’. But I don’t feel that way anymore."," That everyone can understand I think, you know I love being outside iI don’t like being inside iI really like talking to trees and animals and things. And so my relationship with nature is closer than it probably should be but that said, I do have a very strong sense of responsibility to the earth and to the other species on it.",,0.07838736,0.6079838
42,ABS,Why dont you like to drink?,"I’ve never done drugs, and though I’ve tasted alcohol, I’ve never had a whole drink. I don’t even drink coffee. I had a small cup once—it was like drinking battery acid. I had to poop all morning. I once had a sniff of Scotch. I thought, I should be cleaning my sink with this stuff. It’s not some moral objection—drugs and booze and caffeine just have no appeal to me."," I mean, I do, but not to the extent that people think that I do. I like to drink socially. I don't like to drink when I'm performing.",,0.6253398,0.63536185
43,ABS,What are your thougts about fear during climbing?,"Fear. It’s the most primal element in cutting-edge climbing, or indeed, in adventure of any kind. Even nonclimbers can recognize that fact, when they watch footage of me free soloing. That’s why the first question out of their mouths is usually, “Aren’t you afraid . . . ?” (They don’t have to finish the sentence—“that you’re going to die?”)
I’ve done a lot of thinking about fear. For me, the crucial question is not how to climb without fear—that’s impossible—but how to deal with it when it creeps into your nerve endings.
"," I think that fear is a good thing. I don't like to be afraid, but i'm glad that i'm afraid for the right reasons.",,0.66845256,0.52398014
44,ABS,Where does confidence and self-belief come from?,"I see it all rooted in rationalism, in a basic evaluation of objective reality: Can I do this? And if I can, then I just do it. If I've done something on a rope over and over and over, then obviously I can physically do it, so there's no real reason why I shouldn't be able to do it without the rope."," I think it's from within, you know. I think that if you're naturally a confident person, then you probably just feel very comfortable in your own skin, and so it comes quite naturally to you. But if you have to work at being confident, then I think that's kind of harder.",,0.4476273,0.29498097
