,Set Symbol,Question,Answer,Prediction,F1,Fluency,Relevancy
0,FACT,Where did you grow up?,"Sacramento, California"," In Sacramento, California. Both my parents taught English as a Second Language (ESL) at a series of institutions in the United States and abroad. Eventually they landed more permanent jobs at American River College in Sacramento. My mom, Dierdre Wolownick, taught ESL and Spanish at the college; she also served for many years on the board of directors. Today she makes her home in Las Vegas, where she's active in local politics and charity work.",1.0,,
1,FACT,Who is your dad?,Charles Hannold," I don't know. I mean, like, that's a complicated question. Um, well, let's just say he isn't the dad that you think he is.",0.0,,
2,FACT,When is your birthday?,"August 17, 1985",","" I asked. ""October 2, 1989,"" he replied. ""I'll be twenty-one in a few days.""",0.0,,
3,FACT,Who is your mom?,Dierdre Wolownick," Where is she? What does she look like? How do I describe her? My mom, as most people know, is Debbie Downer. She's a very short woman, quite stocky. She has this big round face that's kind of dimpled and chubby. Her hair is always sort of messy and her whole thing is ""Oh, it'd be so much better if you kids would just get off your asses and do what I tell you to do.""",0.0,,
4,FACT,Who is your sister?,Stasia, My sister is the person who can't live without me. She's the one I have to bring home from the bar. The others are just along for the ride.,0.0,,
5,FACT,Which language did your mom talk to you in?,French," She only spoke French to my dad. So I grew up speaking French, Italian, and English. And then Spanish later on, because my mom is from Spain.",1.0,,
6,FACT,At what age did you start climbing?,10 years," I think I was about four or five. My parents took me to a climbing gym when I was very young, probably because they were both climbers themselves. They had their own little club in the San Francisco Bay Area, and they would take me to competitions and stuff like that.",0.0,,
7,FACT,Where did your dad get a permanent job?,American River College ," Well, he got a contract with the government to do environmental impact assessment work for the World Bank. So basically what they would have him do is go to these developing countries and basically live with these families in their homes and see how they lived and then write reports about it. And so he did that for many years, you know, in various parts of the world.",0.4,,
8,FACT,Whose climbing stories did you read growning up?,Mark Twight," Well, I mean, obviously John Bachar was a huge influence on me. And then, you know, the writers that I read were all kind of old-school: Peter Croft and John Long and Bill Ramsey. Those are the three guys who invented modern day climbing writing, if you can believe that.",0.0,,
9,FACT,What makes El Cap so intimidating?,Scale of the wall," ""The sheer scale of the wall,"" says Tommy Caldwell, ""the fact that it's so much higher than you ever want to climb again, and the fact that you're by yourself. It's just this huge, lonely place.""",1.0,,
10,FACT,What is your usual breakfast?,Muesli and fruit," I mean, I don't really have a usual breakfast. I mean, I eat the same things every morning, basically. Um, sometimes eggs and sometimes not. Sometimes just fruit or yogurt or something like that. But yeah, it's always pretty much the same thing.",0.8,,
11,FACT,Which project were you dreaming of for years?,Moonlight Buttress," Well, actually, I've sort of had a bunch of them. The one that I keep coming back to is this idea of like a free solo of El Cap. You know, just a free solo of the biggest wall in the world. It's such an iconic image and it's always fascinated me for years. ",0.0,,
12,FACT,What was the favorite hiking destination for you and your dad?,Mount Tallac," Well, I think for me it was Yosemite and the Sierras. For him, it was the High Sierra. And we'd go there and climb things that were new to both of us.",0.0,,
13,FACT,Who convinced The North Face to sponsor you?,Conrad Anker," Was it the climbing team, or did you sell them something?
But yeah, so I basically just sent a bunch of emails to their customer service department. And then they were like ""Oh we're interested,"" and then I was like ""Great let's plan a trip,"" and they were like ""Okay let's do it.""",0.0,,
14,FACT,What keeps you motivated?,Insatiable hunger and curiosity," I don't know if I can really say, other than the fact that I really like to learn and I like to grow.",0.4,,
15,INF,Tell me about your book Alone on the Wall. It’s split into seven of your most memorable climbs. What are they?,"They’re all just significant events for me. Starting with some of the early free solos that I did and sort of building in complexity as I started big wall soloing using some ropes and hardware, but mostly climbing by myself."," The first one is the Rostrum in Las Vegas. The second is the Regular Northwest Face on Half Dome. The third is the Torre Traverse, which I did with Ueli Steck in 2009. That was a pretty crazy day, because we got up that route at 4:00 p.m., and it wasn’t light until 7:00 p.m., so we had this really long exposure on the wall. We were roped up together, but Ueli fell off a lot, because he has less experience than I do. But we finished the traverse and got back to camp at 8:00 p.m., having done it all in the dark!",,0.67497146,0.43415627
16,INF,Can you explain the type of climbing you practice? I understand there are no ropes or climbing hardware to keep you safe.,"That’s called free soloing and that is part of what I do, but I mean I’ve been climbing for 20 years and I practice all sorts of climbing. That’s why I wrote the book to sort of show the different types of climbing that do."," So, what's the point? Why do it at all?",,0.10537065,0.124444105
17,INF,How do you manage that fear?,It’s not like I have to overcome fear in the sense of like suppressing it. If I feel a lot of fear then I can just put something off until I’m better trained. The important thing for me is to differentiate between an appropriate fear – like a fear that I’m in danger – and an irrational fear in my mind. If I’m feeling fear because I’m actually in danger or because there’s a chance that I may fall or chance that I might die then that’s a very helpful warning and I should heed that.”," I mean, you know, I just sort of suppress it, you know. I don't let it influence me, you know. If there's a wall that I find too scary then I just don't do the climb. You know, if there's some other route that seems more secure then I go with that. But usually the fear goes away after a while and you're like oh this is pretty cool.",,0.62209785,0.69487536
18,INF,This is high stakes climbing. How do you grapple with the worst case scenario – death?,"Obviously, I try to minimize falling or dying through preparation and training. There’s no pressure for me to go soloing so if I’m not feeling totally up for it then I just put it of for later."," I mean, I don't know. I've never thought about it before.",,0.575465,0.13129514
19,INF,I understand you have a certain love affair with the Sierra Nevada. Tell me about that and the climbs you’ve taken there and your history with it.,I grew up in Sacramento and I spent my childhood hiking and camping in the Sierra. The smell of the pine forest there still feels very much like home. Yosemite is in the Sierra Nevada and that’s where I’ve done the majority of my climbing. I think El Capitan is probably the most impressive piece of rock in the world.," I was born in Sacramento, but moved to the Bay Area when I was very young. My dad was a cop, so we moved around a lot. By the time I reached high school, though, I had settled in El Cerrito. And then I went to UC Berkeley as an English major.",,0.8188821,0.48245817
20,INF,How have you developed the focus required to free solo?,"That’s actually the one aspect of it I don’t need to practice. It’s not that I’m gifted. Free soloing just forces me to focus naturally. It’s a by-product of being on a wall without ropes: You have to perform, so you flip that switch. For me, the preparation lies more in physical training and route planning."," I think it's a combination of factors. I'm naturally drawn to things that are difficult, and this seems like pretty hard stuff. But I also think that having a really strong support network has helped me through the process. My dad has always been my biggest fan, and he's always told me that he'd be proud of whatever I decided to do (even if it was something crazy). That kind of encouragement counts for a lot.",,0.7876184,0.36232376
21,INF,How do you decide which risks are worth taking?,"The casual observer might think free soloing is all crazy and reckless. But you can’t have a long career unless you spend a tremendous amount of time thinking about risk and minimizing it to ensure your own safety. There’s a brief scene in Free Solo where an fMRI shows that the amygdala in my brain responds differently than a “normal” person’s to low levels of fear stimuli, and most viewers come away saying, “There’s something unique about his brain.” I find that slightly irritating, because I’ve spent 25 years conditioning myself to work in extreme conditions, so of course my brain is different—just as the brain of a monk who has spent years meditating or a taxi driver who has memorized all the streets of a city would be different.", Which projects are most in line with my values? Which teammates are worth trusting with a big project? How do I know if I'm being prudent or just being afraid?,,0.9406963,0.38583672
22,INF,Do all your climbs help prepare you for free solos?,"A lot of it—with a rope, with partners, or on easy terrain—is strictly for pleasure and relatively relaxed. But there is value in all the time and mileage on rock, feeling comfortable. It’s hard to sustain the intensity you need to free solo, so I think there’s something to be said for making that effort only when I need to."," I mean, I don't know. I think that any climbing that you do helps build confidence, and so the more climbs you do the more solos you'll do, the more comfortable they'll feel. But I mean ultimately it's not a matter of if you're going to solo a route, it's a matter of when. And so all these things help build up that mental state where it's like okay now is the time to go soloing and this particular route seems like an appropriate one because i've done it many times before.",,0.44947544,0.65136474
23,INF,“Free solo” implies an individual pursuit. Do you prefer that or collaboration?,"On the whole, climbing is very collaborative. Even during the two years we filmed Free Solo, I did a giant rope linkup with the climbing legend, Tommy Caldwell. I climb with partners all the time. Free soloing is only a few climbs a year."," I think both. I like the challenge of taking on a project alone, but I also like the companionship of working with a partner. It all depends on what each particular project demands.",,0.5235032,0.4607494
24,INF,How does your approach for philanthropic work on Honnold Foundation compare to your approach to climbing?,"I tend to take a big problem and break it into smaller parts. With climbing, I take a huge climb that seems like too much, but then I start. I train; I work towards it. I break it apart into pieces, work on the pieces, and then eventually do it. It’s definitely the same mindset. Issues of global poverty or climate change…can seem totally insurmountable, but then when you start to break it into little pieces, you think, “Well, I can do a little bit on this piece.” You may as well start and try. They basically both stem from the idea that you may as well start doing something…though these are obviously very different activities."," I think my approach to climbing and to life in general is much more laid back than Honnold's. I don't know if he'd call it ""laid back"" but, you know, I spend a lot of time thinking about the world and what we're doing and where we're going and how we can do things better. And then act on those thoughts when they're ready.",,0.770013,0.5016911
25,INF,"What was it like, the first time you climbed El Capitan?","Completely outrageous. My partner and I had the big goal for the season to climb El Capitan in a day by any means, not free climbing, just doing anything we could to get to the top. We built up for it the whole season. It was a big adventure, a big challenge. We climbed the easiest route in 23 hours. Doing it represented a whole other world of climbing."," I was, like, nine or 10? My dad took me up to Yosemite for my birthday. We drove all day, got to the base of El Cap at night. I didn't sleep that night, I was so excited. And then we climbed it in the morning. It was an amazing experience. To this day, whenever I go to Yosemite, I try to spend some time on El Capitan just chilling out and remembering what it's like not to have fear.""",,0.34976786,0.61354953
26,INF,How do you manage climbing with someone less experienced or talented?,"In a guiding role, it’s easy: You just take over as team captain and do what needs to be done. The real danger is when two people think they’re climbing as equals but are bringing very different opinions on safety to it."," How do I get over my fear of falling? These are all questions that should be answered before you ever set out on a big free solo. The best way to start is by rehearsing. Rehearsing means doing the moves over and over again until they become second nature. It's also about trusting your equipment and knowing how to use it. If you're going to climb without a rope, then you need to know how to use the various pieces of gear--the harness, the shoes, the chalk bag, etc.--to their fullest potential. And finally, there's no better way than through experience to learn how to fall well and keep yourself safe.",,0.71023655,0.41858023
27,INF,Is the way you train—memorizing and rehearsing your plan—typical?,"Visualizing how you’re going to navigate a difficult section is pretty common. Where are my hands going to go? Where should I place my foot? Even recreational climbers in gyms make plans for themselves before they leave the ground. With free soloing, you’re both remembering or anticipating how to do certain climbs and trying to imagine the emotional component. What will it feel like to be up high in a crazy, contorted position without protection during a difficult stretch? When I’m not climbing, I spend most of my time reading books about training, psychology, and performance. If I get one good idea from one book, that’s a success."," When other people get asked about climbing training, they sometimes use the word tedious. I think of it as fun. But maybe I'm just having a good time.",,0.8740327,0.5332316
28,INF,What has led to the biggest breakthroughs in your climbs?,"There’s a creative element to solving problems, like figuring out how to climb certain sections of wall. But when I’m free soloing, I’ve already prepared and want to stick to the plan. I don’t want to be improvising. That would bring more uncertainty and risk into the equation. So most of my creative processing comes on rest days when I’m lying around somewhere safe, just thinking about climbing. That’s when I’ll envision “enchainments”—combinations of climbs that people have never done before."," I'd say the biggest breakthroughs have come through trial and error. The more I climb, the more I learn about how to keep myself safe. When I was free soloing Moonlight Buttress and Half Dome, I didn't know anything about climbing gear or how to protect myself if I fell. Now I'm pretty well versed in those areas.",,0.79712147,0.6276618
29,INF,Why did you establish Hannold Foundation?,"I had an obligation to do something for others, for those with fewer choices in life and fewer means to accomplish them. By 2012, thanks to sponsorship and commercials, I had more money than I needed to live comfortably. So I established the Honnold Foundation. Its motto is ""Helping people live better, simply."" The mission statement I posted on my new website read, ""The Honnold Foundation seeks simple, sustainable ways to improve lives world-wide. Simplicity is the key; low-impact, better living is the goal."""," Well, I started climbing when I was, like, 19 or 20 years old. And at that point in my life, there were no pro-level athletes from my home country of Switzerland. There are now two pro climbers from Switzerland but they're both quite old and they're not really doing anything anymore. So basically what I'm trying to do with the foundation is give something back to the sport that gave me so much.",,0.486351,0.41596943
30,ABS,"Why can’t you take fewer risks, even if just for Sanni?","For Sanni, the point of life is happiness and to have a good time. For me, it’s all about performance. Nothing good happens in the world by being happy and cosy. Nobody achieves anything great because they’re happy and cosy. This is your path and you will pursue it with excellence. You face your fear because your goal demands it, that is the goddamn warrior spirit. You give something 100 percent focus because your life depends on it."," I mean, I could if it meant not climbing at all. But that's not really who I am.",,0.54571575,0.24865341
31,ABS,Is there a place you go when you go to inside of you when you’re free soloing that’s different then when you’re out with ropes and bolts on a rock?,It’s definitely more of something. I guess it takes me to a different place. It just requires a higher level of focus.," I mean, do you have a favorite place to go when you’re by yourself?",,0.8013353,0.18164785
32,ABS,"Since death is a big part of the way people interpret what you do, what scares you about life?","Intimacy, connection, relationships. Or you are wasting time, squandering it. I mean in some ways living with regret that you didn’t do the right thing or you could have done something better."," Well, I think that at some point, probably around the age of thirty-five or forty, you start to feel like you're on a tightrope. You know what I mean?",,0.501724,0.37191108
33,ABS,"What are your thoughts about fate, given what you do? Many people would look at what you do and have a sense that you're right on the edge between life and death.",I would hope that they're wrong about that! But who knows? I've never been religious or spiritual in any way. I'm not a big subscriber to fate. I see life as probabilities and chance and reality. Fate doesn't play into my thinking at all. But I definitely do think about mortality and my time being short. I'm very aware that I have a limited time here and I should make the most of it and do what I can. I think that the desire to do my best in climbing does stem in part from knowing that I'll only be here for a certain amount of time., That's certainly what I get a sense of when I'm on theedge.,,0.14682187,0.32971826
34,ABS,You compare free soloing to warrior culture. Can you tell me about that analogy and how it occurred to you?,"That particular quote about warrior culture came from Morocco, where I went climbing with Tommy. When I was on that trip, I binge-watched four seasons of a show called Spartacus, which is about gladiator violence in Ancient Rome. It’s perfect mindless action television to get you fired up for hard climbing. It made me think of all my climbing like…being in the ring, rising to the occasion, and performing. I was in a total gladiator mode, which is honestly a good mindset for free soloing.

I definitely wouldn’t say that I think of myself as a warrior or anything like that, but I do think the quote is used fairly in the film. It’s just slightly embarrassing for me to hear now because it seems over the top."," Well, I think that in many ways climbing has been like a warrior culture for me. You know, because you're putting your life on the line every time you climb. And so it makes sense that when I started writing about climbing, and talking about it publicly, you know, people were like oh my God this is so dangerous and he's such a crazy person.",,0.49834362,0.6030955
35,ABS,"I think it's fair to say that you do things that many people would not do because they would be stopped by fear. What is the difference there? Is it that you've learned to manage fear, or something innate?","Part of that is that I've spent so much time being afraid. I have a lot of experience with fear, probably more than the average person. And I think that allows me to help differentiate when I'm truly in danger and when I should act on it "" whether or not this fear that I'm feeling is important or not."," I think it's probably a little bit of both. I mean, certainly there are plenty of things that I do in climbing that most people would consider dangerous or even suicidal. But I've always felt safe while doing them. It's just that they're not generally considered cool or worth doing.",,0.7330564,0.47181198
36,ABS,Could you apply some of the skills you’ve developed as a climber to figure out the next stage of your life?,"It’s clichéd, but I do think climbing teaches you goal setting, work ethic, and perseverance. The majority of the time you spend sport climbing, you’re failing: falling off and then trying to figure out how not to fall. Climbing reminds you that to get better at anything, you’ve got to put in a tremendous amount of time and effort and keep beating your head against a wall to figure it out. So I guess my advice to myself would be to “keep moving.” I started the Honnold Foundation, which gives grants to advance solar energy around the world, because I wanted a positive outlet for the material rewards that were coming in from the film and doing commercials. Otherwise there’s no benefit to being famous. At least now I’m funneling a significant portion of my income to cause that matter. We’ll be giving away a million dollars in grants this year."," I think the most important thing is to have a vision. I don't know if I can capture that in writing, but I had a clear vision of what I wanted my next chapter to be.",,0.73053515,0.19900247
37,ABS,"Do you try to sustain a sense of your life’s fragility when you’re not 3,000 feet in the air?","Actually, I would say that the feeling of free soloing is not relishing the feeling of mortality or death. It’s relishing the feeling of taking something that seems like it should be scary or dangerous and making it feel comfortable or safe. The real joy in soloing is to do something that should make you think you’re going to die, but then actually be totally comfortable and know that you’re not going to die. The pursuit of mastery, the work that you’re doing when soloing, is to make you feel comfortable."," I mean, I think about it all the time.",,0.75546765,0.13910484
38,ABS,"Would you admit that most humans in pockets of society live within a status quo, that we live within the median, we don’t take enough risks?","I mean by definition most people live within the average, it makes sense because we’re hardwired to seek out comfort and stability and enjoy our lives, there’s nothing wrong with that. I think that the whole spectrum of human activity makes sense. It makes sense for most people in the middle, even for me, I’m sure I’m just like a standard deviation out to one part of the other."," No, I would not admit that. Most humans are too afraid to admit that they live within the median. But I will say this: If you're in the middle of a wall, and you take a risk, it's probably wise to have some sort of protection if things go wrong.",,0.6318165,0.4092453
39,ABS,Did you feel like you got addicted to climbing that you just wanted to explore it further at a certain point?,"I think it’s just the activity that gives me the most joy in life. In some ways, some people love to go running or swimming. There’s a certain elemental or base appeal to the activity."," Yeah, I mean there was definitely a point where you know I felt like I wanted to push myself further. And that's kind of the motivation for the podcast is as well, is just sort of exploring some of the themes and some of the stories behind climbing addiction and what it means to be an addict in general.",,0.2561467,0.32573888
40,ABS,Don’t you think it would benefit all of us to embrace the irrational a bit more or not to be so risk-averse in a way?,I think that on any given day everybody is confronting risk and there’s always a degree of randomness. Everybody is facing death each day. We just put it out of our minds and never think about it., I think it would be nice if we could all just take a deep breath and relax.,,0.7183931,0.30832306
41,ABS,"Has your relationship with nature changed? I mean you’ve built a very close bond throughout your life with nature. Up close and personal, more than a lot of us so how would you define your relationship with nature in a way.","That’s an interesting question. I’ve never really thought about it. I mean in some ways I’d say that I don’t see a huge difference between nature and non-nature.  It’s all just part of the same world. I feel comfortable in the outdoors and in the bush. Typically if you’re raised in a city or the suburbs you think of nature as something else, you are like, ‘oh those wild spaces, that seems dangerous’. But I don’t feel that way anymore."," That everyone would understand, you know I think that my relationship with nature is like a marriage. You know we have fights sometimes but over the long haul we are happy and together.",,0.3687444,0.4343338
42,ABS,Why dont you like to drink?,"I’ve never done drugs, and though I’ve tasted alcohol, I’ve never had a whole drink. I don’t even drink coffee. I had a small cup once—it was like drinking battery acid. I had to poop all morning. I once had a sniff of Scotch. I thought, I should be cleaning my sink with this stuff. It’s not some moral objection—drugs and booze and caffeine just have no appeal to me."," I mean, I do, but not to the extent that people think that I do. I like to drink socially. You know, I've been known to drink a little bit of alcohol. But if you're asking me if I'm ever intoxicated, probably not. You know, because i'm careful about it and also because i've never been drunk.",,0.587341,0.66748524
43,ABS,What are your thougts about fear during climbing?,"Fear. It’s the most primal element in cutting-edge climbing, or indeed, in adventure of any kind. Even nonclimbers can recognize that fact, when they watch footage of me free soloing. That’s why the first question out of their mouths is usually, “Aren’t you afraid . . . ?” (They don’t have to finish the sentence—“that you’re going to die?”)
I’ve done a lot of thinking about fear. For me, the crucial question is not how to climb without fear—that’s impossible—but how to deal with it when it creeps into your nerve endings.
"," I think that fear is a good thing. I don't like to be afraid, but i'm glad that i'm afraid for the right reasons.",,0.66845256,0.52398014
44,ABS,Where does confidence and self-belief come from?,"I see it all rooted in rationalism, in a basic evaluation of objective reality: Can I do this? And if I can, then I just do it. If I've done something on a rope over and over and over, then obviously I can physically do it, so there's no real reason why I shouldn't be able to do it without the rope."," I think it's from within, you know. I think that you can sort of draw confidence from within yourself, and I think that external factors like the crowd or whatever have very little impact on how you feel inside.",,0.3709827,0.24358884
